referral_id,referrer_user_id,referred_email,referred_user_id,referral_code,sent_at,converted_at,status
1,985,xraygaztbt5041@proton.me,,CC009859X3CV,2024-05-02 14:03:39,,sent
2,511,kicorifzuh6986@gmail.com,,CC00511LLQ7S,2024-04-24 20:54:47,,sent
3,420,astkrwvodp6110@yahoo.com,,CC00420NMVNS,2024-04-04 12:56:08,,sent
4,297,ggsoekhahm3965@proton.me,1001,CC00297TGFJM,2024-02-01 20:37:39,2024-02-02 02:37:39,converted
5,243,ntswk8142@icloud.com,,CC00243KH87C,2024-03-10 09:21:57,,sent
6,8,jgykivjyy8815@outlook.com,,CC00008WYRVM,2024-03-10 00:00:41,,sent
7,626,nsrzxzojj8501@gmail.com,,CC00626NMWHH,2024-06-06 01:29:42,,sent
8,592,toosbbfnv6311@yahoo.com,,CC00592JZ9G6,2024-03-01 09:35:35,,clicked
9,393,vzwvtcbimf1486@gmail.com,1002,CC00393KOHD5,2024-03-30 23:10:56,2024-03-31 00:10:56,converted
10,127,zpckpxgdkr1688@gmail.com,,CC00127PDZNX,2024-04-18 10:09:15,,sent
11,99,sqegudnknd1372@icloud.com,,CC00099MWG24,2024-01-12 10:22:12,,sent
12,402,nqmus64@gmail.com,,CC00402MIXW7,2024-01-29 08:27:31,,sent
13,374,olseay7591@outlook.com,1003,CC00374UW0JG,2024-01-26 03:32:34,2024-01-27 03:32:34,converted
14,877,ykzzbpgc8236@proton.me,,CC00877SP8JB,2024-02-21 03:57:08,,sent
15,349,ldnmnns6241@outlook.com,,CC00349P99WI,2024-06-12 07:19:58,,clicked
16,51,xdpxzu3171@proton.me,,CC00051N7RVX,2024-05-05 15:57:27,,clicked
17,755,faits8537@proton.me,,CC00755210U8,2024-04-29 11:57:56,,sent
18,328,tgvtyglopw6699@icloud.com,,CC00328HCU0E,2024-04-24 09:30:15,,sent
19,507,gnnvnuvir2446@proton.me,,CC005076NXXX,2024-06-05 20:45:11,,sent
20,170,sxtcfg3436@gmail.com,,CC00170PSMTK,2024-06-24 23:21:10,,sent
21,436,qnpkiomg4600@proton.me,,CC00436LUMCM,2024-06-25 01:17:07,,clicked
22,343,uiqysmnlhz1055@outlook.com,1004,CC003438N57P,2024-03-07 22:00:45,2024-03-09 10:00:45,converted
23,62,uvctoqex2369@yahoo.com,,CC00062S12H1,2024-01-22 09:50:10,,sent
24,494,bqtlsyuwz4499@gmail.com,1005,CC004942HKA4,2024-03-20 15:42:58,2024-03-22 03:42:58,converted
25,225,whocrsvjlq2516@proton.me,,CC00225NB958,2024-06-28 15:38:44,,sent
26,727,vfgamiidxk6829@outlook.com,,CC00727HVOXJ,2024-06-14 00:18:55,,sent
27,3,uamirxsyp1060@icloud.com,1006,CC00003RNFYJ,2024-04-18 23:16:55,2024-04-20 11:16:55,converted
28,985,mmikoysvg881@icloud.com,,CC00985O8I5M,2024-03-24 20:50:36,,clicked
29,134,bdiglfhygb4300@proton.me,1007,CC00134RG7QS,2024-01-10 21:27:32,2024-01-11 03:27:32,converted
30,511,kexnxqdf2747@yahoo.com,,CC00511H02WP,2024-05-06 22:05:42,,clicked
31,273,zlsgzrmvv4024@outlook.com,,CC00273EMLMB,2024-06-05 16:15:27,,sent
32,511,skdapka7539@outlook.com,,CC00511WB41P,2024-02-25 00:44:42,,clicked
33,578,omlpyir6519@yahoo.com,,CC00578D2U2X,2024-05-05 11:32:13,,sent
34,919,kgzumgwu8638@proton.me,1008,CC00919ORQET,2024-03-23 09:00:39,2024-03-23 11:00:39,converted
35,713,ablsuuljvk413@proton.me,,CC00713G4G9O,2024-06-14 20:38:49,,sent
36,486,sudntky1699@gmail.com,,CC004863Y82F,2024-04-24 19:38:45,,clicked
37,343,ccmqozvv5016@icloud.com,,CC0034391QJW,2024-01-31 21:18:16,,clicked
38,232,vhyccunwxi3504@icloud.com,,CC002327G8YF,2024-03-13 18:37:23,,clicked
39,648,plylhcuhmc6259@yahoo.com,,CC00648F8JSH,2024-01-20 11:16:45,,clicked
40,889,loxaam6470@outlook.com,,CC00889QR0AP,2024-01-22 14:39:31,,sent
41,448,ujtjmr1077@icloud.com,,CC00448GDFKS,2024-04-15 12:43:17,,clicked
42,658,kobxrkhik7036@icloud.com,,CC00658KVCBZ,2024-01-20 23:54:44,,sent
43,249,kxuoz7972@gmail.com,,CC00249IE39Z,2024-05-12 09:05:44,,sent
44,690,bwockopma4543@yahoo.com,1009,CC00690ELIVW,2024-01-24 23:00:20,2024-01-26 11:00:20,converted
45,90,lxicixj3567@outlook.com,,CC00090E50K6,2024-03-20 06:35:59,,sent
46,159,eojypm9474@gmail.com,,CC001597M1VD,2024-04-15 10:56:07,,sent
47,88,aaklbobgyj5407@gmail.com,,CC000888J31W,2024-04-04 08:36:33,,sent
48,228,ocotkmrw154@icloud.com,,CC00228KL7XZ,2024-03-28 00:50:50,,sent
49,724,rgcttbfgut7393@outlook.com,1010,CC00724696J5,2024-05-11 07:53:25,2024-05-11 19:53:25,converted
50,113,mhlhtklnu2486@yahoo.com,,CC00113NUKM7,2024-04-04 00:08:52,,sent
51,760,pgrnj6830@gmail.com,,CC007604NVV7,2024-04-22 14:51:22,,sent
52,725,fdkoa7256@icloud.com,,CC007256PNBX,2024-03-20 04:07:47,,sent
53,883,jmpwvx1143@gmail.com,,CC00883BPIME,2024-03-19 21:20:44,,sent
54,186,kzqef3799@yahoo.com,,CC00186Y1BFW,2024-05-08 07:01:59,,sent
55,274,uvxvy6191@proton.me,1011,CC002749JI7O,2024-03-14 14:39:54,2024-03-14 20:39:54,converted
56,332,uizkzzjum6952@proton.me,,CC00332T8TAG,2024-01-28 19:13:57,,clicked
57,139,xxaxqs5342@proton.me,,CC00139OOHVU,2024-01-24 18:09:39,,clicked
58,573,exmvsgei5936@icloud.com,,CC00573G3RXO,2024-05-30 19:51:11,,clicked
59,253,onmacb8636@icloud.com,,CC00253LYFAY,2024-05-27 14:58:59,,sent
60,658,smhyb4513@proton.me,,CC00658RE5C5,2024-01-01 16:54:01,,clicked
61,865,tujkrlhvfs908@icloud.com,1012,CC00865T1KT7,2024-03-03 01:09:17,2024-03-05 01:09:17,converted
62,112,pwmdqjob9214@yahoo.com,,CC00112TZEIF,2024-03-24 22:35:46,,sent
63,841,owtpnpc8775@outlook.com,,CC0084163C42,2024-06-10 10:19:42,,sent
64,91,zxmvls1814@outlook.com,1013,CC000916K33U,2024-04-26 19:23:19,2024-04-27 19:23:19,converted
65,509,jcxtwfnr705@yahoo.com,,CC00509WU1I7,2024-04-27 04:59:09,,sent
66,645,mwyqsoa1079@icloud.com,,CC00645ZRRE5,2024-01-25 08:13:29,,clicked
67,967,dgdakp870@proton.me,,CC009671ZJ39,2024-06-10 19:24:35,,sent
68,685,gyclvkxg5379@icloud.com,,CC00685U25WS,2024-01-29 19:10:03,,clicked
69,239,ntlheogut5293@proton.me,,CC00239POY22,2024-03-05 01:43:15,,clicked
70,852,etehsg5316@gmail.com,,CC00852BHVAB,2024-01-04 20:38:35,,sent
71,54,kwqhlmvs5212@outlook.com,,CC00054XB7GI,2024-02-28 08:57:45,,clicked
72,151,blyvgoqhgo9626@gmail.com,,CC00151J40Y5,2024-05-16 23:04:24,,sent
73,696,msifvvcfa7888@yahoo.com,,CC00696JI6YB,2024-02-03 21:18:37,,sent
74,437,dtyaoj7515@yahoo.com,,CC00437BIB6O,2024-01-20 16:53:18,,clicked
75,347,mcyiw888@proton.me,,CC003478J9BF,2024-06-08 00:08:03,,sent
76,813,ykbpevw2157@outlook.com,,CC00813I2BRS,2024-05-11 02:12:39,,sent
77,843,ziasfrpgtb7708@gmail.com,,CC00843LR1M8,2024-06-08 16:10:29,,sent
78,411,enqzka7055@gmail.com,,CC004110E4Y5,2024-06-03 20:48:51,,sent
79,882,gdwalbbd5152@proton.me,,CC00882UN3YP,2024-05-19 01:21:22,,clicked
80,327,skxntp1791@gmail.com,,CC00327CK104,2024-05-13 04:14:22,,sent
81,605,nonfhzkcy9091@proton.me,,CC00605E8RTM,2024-04-04 07:01:24,,clicked
82,927,bjapikotj2886@proton.me,,CC00927BRFR3,2024-06-29 18:36:18,,sent
83,985,rwlqljhmfs472@proton.me,,CC00985H1V8S,2024-01-22 19:10:07,,sent
84,635,cgzpflc6350@icloud.com,1014,CC00635JBPS0,2024-04-20 14:57:42,2024-04-21 14:57:42,converted
85,259,muafjrmpek6082@outlook.com,,CC00259TYADJ,2024-04-01 05:04:45,,clicked
86,950,irzhznt598@proton.me,,CC00950VTH4O,2024-02-26 07:50:06,,clicked
87,493,cffuhnub491@proton.me,,CC00493CIFL7,2024-03-01 04:02:07,,sent
88,505,czoqiht2501@proton.me,,CC00505WYMS2,2024-05-18 14:52:23,,clicked
89,466,kadafybjmw1673@yahoo.com,,CC00466MXS03,2024-03-04 13:21:29,,clicked
90,635,wabkbocep7993@proton.me,1015,CC00635T1RWV,2024-05-29 22:43:33,2024-05-29 23:43:33,converted
91,836,xadrq1996@outlook.com,1016,CC008362VIUA,2024-06-18 05:25:34,2024-06-20 05:25:34,converted
92,213,cyzocazxs3793@yahoo.com,,CC00213LE5YL,2024-01-14 13:06:27,,clicked
93,426,hbzkcrnnbf4304@outlook.com,,CC004261OLE1,2024-04-21 04:09:29,,clicked
94,488,lgfwy4351@outlook.com,,CC00488WU7SA,2024-02-22 04:40:01,,sent
95,267,ftzheqzbva2750@icloud.com,,CC002671QICX,2024-01-21 16:31:28,,clicked
96,943,raank5445@outlook.com,1017,CC00943ODLON,2024-02-16 21:10:22,2024-02-17 09:10:22,converted
97,851,ixpvvylc1211@icloud.com,,CC00851DZPBB,2024-05-06 23:07:30,,sent
98,184,hczjwkh3808@yahoo.com,,CC00184XSX09,2024-01-19 00:35:54,,sent
99,397,ocuafg3995@gmail.com,,CC0039751LZV,2024-02-01 09:50:58,,clicked
100,978,kctmvgzfoh7006@yahoo.com,,CC00978JR07H,2024-02-11 15:22:25,,sent
101,566,jirvdmvor4273@gmail.com,,CC0056698JHE,2024-03-08 18:26:20,,sent
102,910,yljocwvm2053@gmail.com,,CC009105EEAZ,2024-03-16 19:56:26,,sent
103,617,tkkvnpa4850@outlook.com,,CC00617MA5VI,2024-06-30 10:54:43,,sent
104,490,szktz5933@outlook.com,,CC00490E4XLW,2024-06-12 02:20:53,,clicked
105,6,uucub5353@icloud.com,,CC00006CCVGJ,2024-05-09 11:33:21,,clicked
106,630,dcgbt8389@yahoo.com,,CC00630XG4XN,2024-04-09 20:40:19,,sent
107,50,yxvwmfybgg2046@icloud.com,,CC00050Y7QWW,2024-05-12 02:53:24,,clicked
108,384,kpdbzowafc6515@outlook.com,,CC00384ENWWZ,2024-03-02 13:22:24,,sent
109,165,trlgniq9684@gmail.com,,CC00165OQJ4F,2024-03-21 06:51:47,,sent
110,669,trzdxdxuu1667@yahoo.com,,CC00669NVQJ4,2024-05-18 10:54:00,,sent
111,844,ixkghn4069@icloud.com,1018,CC0084410PE8,2024-02-02 02:53:37,2024-02-04 02:53:37,converted
112,696,syymdesksf3118@outlook.com,,CC00696SC2GL,2024-01-04 01:41:11,,sent
113,596,uszufvzw5175@outlook.com,,CC00596C83JQ,2024-04-05 02:11:41,,sent
114,81,fkxaslykqw1706@gmail.com,1019,CC00081F8K4H,2024-04-03 02:33:31,2024-04-03 03:33:31,converted
115,762,jemaqvodm1137@icloud.com,,CC00762YFWP5,2024-02-26 10:19:53,,sent
116,346,tiirayxac4974@proton.me,1020,CC003461ZE5H,2024-01-31 11:43:13,2024-01-31 12:43:13,converted
117,238,pvmrafaj4141@gmail.com,,CC002387OPJQ,2024-03-22 22:47:15,,clicked
118,313,ocsckdy2785@proton.me,,CC00313AEDML,2024-05-22 14:27:45,,clicked
119,804,zktudvsjs2665@yahoo.com,,CC00804X97L4,2024-04-29 11:23:02,,clicked
120,459,jhbssm6629@yahoo.com,1021,CC0045970YVB,2024-02-29 01:29:29,2024-02-29 07:29:29,converted
121,71,vdpxjsy4834@outlook.com,,CC00071VGL2U,2024-06-21 14:19:36,,clicked
122,605,celpo301@outlook.com,,CC006051Q8PJ,2024-06-14 13:21:21,,sent
123,690,aoxjnmyu1787@outlook.com,,CC00690X8G1H,2024-01-18 01:00:21,,sent
124,600,anhlt2129@proton.me,,CC00600W5VZA,2024-03-14 00:06:19,,sent
125,509,ttsot7851@proton.me,,CC0050954ED6,2024-03-16 19:28:11,,clicked
126,48,frtwrw2385@proton.me,1022,CC00048NX74S,2024-06-01 01:43:25,2024-06-02 13:43:25,converted
127,44,xelkuirhl5811@proton.me,,CC00044DO70I,2024-03-19 06:04:43,,sent
128,915,nyqwtmpuz5962@proton.me,,CC009154Q17R,2024-02-10 15:23:57,,clicked
129,559,nzfhbvsb7256@gmail.com,,CC0055934QN5,2024-03-14 11:32:58,,sent
130,849,aqmnkeesnh3872@yahoo.com,,CC00849OVM8L,2024-03-02 10:04:42,,sent
131,732,tzyrk3205@yahoo.com,,CC00732QLYLE,2024-02-13 12:53:11,,sent
132,166,bddgmhuiag5849@outlook.com,,CC00166NZ9B9,2024-04-25 09:20:17,,clicked
133,486,kiyuou6417@gmail.com,,CC004861DU7V,2024-01-15 07:12:02,,sent
134,156,takatcdwxo3881@gmail.com,1023,CC00156NKPZI,2024-05-11 11:03:08,2024-05-11 17:03:08,converted
135,702,kjrvdy9222@gmail.com,1024,CC00702GYFUN,2024-06-09 03:53:32,2024-06-09 05:53:32,converted
136,813,qvtexupcwf7871@gmail.com,,CC00813F7BCU,2024-04-24 05:03:11,,sent
137,520,lhlbhomo7290@yahoo.com,,CC0052067CGF,2024-05-06 16:15:14,,sent
138,828,aczkobhkkn5310@yahoo.com,,CC008280JO4P,2024-05-25 02:37:36,,sent
139,20,lsgvijf9014@icloud.com,,CC00020ZQTTA,2024-03-23 20:02:21,,clicked
140,612,mlwzcxn9940@icloud.com,,CC006128FLOC,2024-03-21 21:22:35,,sent
141,522,rbqjdaiw1222@proton.me,1025,CC005227BNZT,2024-01-29 11:20:03,2024-01-30 11:20:03,converted
142,976,galydanskw1684@outlook.com,,CC00976GRX0B,2024-04-18 00:51:27,,sent
143,58,lojljs4812@icloud.com,,CC00058CB9D7,2024-02-13 21:39:01,,sent
144,1,bcojsabj4736@proton.me,1026,CC00001RY7IY,2024-05-11 07:43:09,2024-05-14 07:43:09,converted
145,763,qbchjslbur6003@gmail.com,,CC0076369I79,2024-02-20 01:58:17,,sent
146,858,ukoupjcr6173@gmail.com,,CC008584LRD2,2024-06-02 06:56:21,,clicked
147,797,pknhpab5529@proton.me,,CC00797OKBMJ,2024-04-11 03:52:22,,clicked
148,583,ejgdlp1593@gmail.com,,CC00583D86S2,2024-03-25 19:18:28,,sent
149,959,rxprspvb5849@proton.me,,CC00959OSH3Q,2024-02-18 14:24:50,,sent
150,653,atxdwgjzm2200@gmail.com,,CC00653MLTFU,2024-05-14 14:27:10,,sent
151,922,wsdbthzgs4589@icloud.com,,CC00922KAGIQ,2024-06-27 21:58:53,,clicked
152,913,zwcllmnv5639@yahoo.com,,CC00913W6P54,2024-05-12 11:14:58,,sent
153,512,lznyihnwt1135@yahoo.com,,CC00512JEV9Z,2024-05-06 00:48:21,,sent
154,699,zxrzlsiz9527@yahoo.com,,CC00699J6SAF,2024-02-11 08:47:09,,clicked
155,309,pkujdxzk6588@yahoo.com,,CC00309ZZI68,2024-02-27 04:57:47,,sent
156,30,pnwzcas7365@outlook.com,,CC00030IB48G,2024-03-22 08:08:53,,sent
157,653,bkqhlwkw1723@yahoo.com,,CC00653WHZR4,2024-05-25 17:22:39,,sent
158,502,xkiwj8367@outlook.com,,CC00502SNML4,2024-05-27 05:54:58,,clicked
159,177,redyxnolb5179@proton.me,,CC00177JVZSL,2024-06-14 22:19:32,,clicked
160,995,zlaegrveq9102@icloud.com,,CC00995D05HF,2024-06-12 05:56:22,,clicked
161,938,zdlwmklo5537@yahoo.com,,CC00938QT090,2024-04-11 13:08:37,,clicked
162,905,fgzyaenvg5685@outlook.com,,CC00905RMPGX,2024-03-28 03:43:35,,sent
163,844,qtbiijpf2062@icloud.com,,CC00844HW3GM,2024-03-28 22:44:31,,sent
164,462,iegtz5425@outlook.com,,CC00462M6S0Z,2024-06-26 00:21:46,,clicked
165,464,qhcmowbu6904@outlook.com,,CC00464OXIO2,2024-06-26 18:33:07,,sent
166,401,zhrxtlt3396@yahoo.com,,CC00401ZWCYK,2024-01-02 23:20:43,,sent
167,374,lawxgpyppv2616@icloud.com,1027,CC00374JRATL,2024-03-31 08:11:54,2024-04-01 08:11:54,converted
168,302,ildrmn7550@gmail.com,,CC0030297NPW,2024-06-05 22:05:43,,clicked
169,670,yiiozai3933@icloud.com,,CC00670EZCES,2024-02-27 10:35:54,,sent
170,954,oqyrd6013@yahoo.com,,CC009543CQYT,2024-02-25 13:54:18,,sent
171,176,kiwps1517@outlook.com,,CC001763NKKF,2024-05-27 10:37:45,,sent
172,40,dqtwmasohb5938@yahoo.com,,CC00040G720K,2024-06-05 16:06:52,,sent
173,9,pzlhvu9436@outlook.com,,CC00009D2DTB,2024-05-16 08:37:55,,sent
174,661,opbaymxc3878@yahoo.com,,CC00661LOD6D,2024-03-09 15:48:40,,sent
175,121,tsgusmf9844@proton.me,1028,CC00121PGQTD,2024-06-04 07:52:47,2024-06-04 09:52:47,converted
176,125,rwaer3149@outlook.com,,CC00125OU3HP,2024-04-21 03:00:50,,clicked
177,872,mzzssbma3567@proton.me,,CC008726DES1,2024-05-01 13:32:09,,clicked
178,856,suaxgy4318@proton.me,,CC00856NBRJS,2024-01-22 18:01:31,,sent
179,364,mjsjwlfvtf6462@gmail.com,,CC003644X8SC,2024-06-09 11:11:34,,sent
180,844,ixtzz3080@proton.me,,CC00844W4HP5,2024-05-24 12:56:14,,clicked
181,614,wzkpwdtfl480@icloud.com,,CC00614DYSAA,2024-03-19 04:13:21,,clicked
182,295,kgffatinm4675@proton.me,,CC00295YTWXI,2024-01-10 10:17:17,,clicked
183,840,dwiosr9018@outlook.com,,CC008400M9EW,2024-04-05 17:01:20,,clicked
184,435,xnetlo3379@proton.me,,CC00435ZH54G,2024-01-05 15:30:15,,sent
185,545,sklnkxh7058@icloud.com,1029,CC005457JORD,2024-01-07 07:39:16,2024-01-07 19:39:16,converted
186,32,bnetaiiq6211@outlook.com,,CC000326GO8N,2024-02-08 11:52:49,,sent
187,921,mcgahu4468@outlook.com,1030,CC00921KMUY2,2024-05-31 05:41:38,2024-05-31 06:41:38,converted
188,935,qaufasokxj8907@gmail.com,,CC00935COYJ6,2024-03-04 01:52:59,,sent
189,20,qoetmmakv9346@outlook.com,,CC00020ZU5E3,2024-02-23 10:02:00,,sent
190,375,tlidctsvs5796@icloud.com,,CC00375EMS8E,2024-02-25 08:35:12,,sent
191,746,wqlhlrhtpg1926@icloud.com,,CC00746ZT3P6,2024-06-21 10:03:56,,clicked
192,97,blmzc4651@outlook.com,,CC00097Q80I4,2024-05-12 17:24:55,,sent
193,776,ocxhqxw4018@outlook.com,1031,CC00776Z1256,2024-04-19 23:02:57,2024-04-20 01:02:57,converted
194,534,bsasdzd4927@icloud.com,,CC00534JNX89,2024-04-25 10:39:09,,sent
195,260,luetwmyvr8956@outlook.com,,CC002608GRZR,2024-05-27 05:41:39,,clicked
196,969,amoddgic1418@proton.me,,CC009693TFFR,2024-04-06 05:33:22,,sent
197,62,ksdlxvofoz7527@gmail.com,,CC00062OO3T9,2024-03-20 10:32:31,,sent
198,1,rtatpz7324@gmail.com,,CC000013R1SS,2024-01-03 16:38:51,,sent
199,913,tyfauuso8436@yahoo.com,,CC00913JJFZP,2024-05-16 21:45:54,,sent
200,550,yekbmhwv6472@outlook.com,,CC00550PPOYD,2024-06-17 00:16:21,,sent
201,171,zhmjwufi2169@yahoo.com,1032,CC00171CPGW9,2024-01-20 23:50:30,2024-01-22 11:50:30,converted
202,390,sftozbu3440@icloud.com,1033,CC0039001VHE,2024-01-25 07:12:54,2024-01-25 13:12:54,converted
203,151,yatafgt2029@proton.me,,CC001515STNW,2024-02-10 07:33:43,,sent
204,137,xqamlpuq6090@gmail.com,,CC00137RPXT6,2024-05-05 09:02:20,,sent
205,406,jhvdjrofqe4741@gmail.com,,CC00406LZWQX,2024-03-12 18:07:49,,sent
206,609,jfsdzfuap9949@icloud.com,,CC006096YSHH,2024-04-11 10:32:09,,sent
207,23,pjprz5945@gmail.com,,CC00023Y0EAP,2024-02-02 00:51:59,,sent
208,740,qtklzmmw9311@proton.me,,CC00740YPFV0,2024-04-11 18:03:17,,clicked
209,249,iwjdio6561@yahoo.com,,CC002496PHYO,2024-03-06 00:58:33,,sent
210,278,hfoitklrj1221@icloud.com,1034,CC00278CRBF4,2024-03-06 09:40:49,2024-03-07 21:40:49,converted
211,35,olsstfw2528@icloud.com,,CC00035L7Q15,2024-01-03 00:21:29,,sent
212,212,jjyczuuqa3242@icloud.com,,CC00212DO61X,2024-04-01 01:49:53,,clicked
213,113,tvskyvg8090@yahoo.com,,CC00113Y8T15,2024-02-25 10:49:31,,sent
214,782,dyailxc3136@icloud.com,,CC00782T60PV,2024-05-18 04:00:50,,sent
215,549,hvjpkifb2585@outlook.com,,CC00549CISUV,2024-02-15 21:39:17,,sent
216,302,yeyhwjnpe1837@yahoo.com,,CC003023YN3S,2024-06-04 18:35:35,,clicked
217,45,khlxpbm4253@icloud.com,1035,CC00045JP6E0,2024-03-05 02:27:32,2024-03-05 04:27:32,converted
218,429,kcfittapum8498@gmail.com,,CC00429D5BGK,2024-05-18 20:42:47,,clicked
219,960,okxvppu1900@yahoo.com,1036,CC009606W0BM,2024-01-18 23:44:44,2024-01-20 11:44:44,converted
220,107,dpfdt4579@proton.me,,CC00107M8B54,2024-03-23 01:17:35,,sent
221,42,mrymjo6314@yahoo.com,,CC00042ZJAOC,2024-01-11 03:05:35,,sent
222,942,utsqxzpv1204@icloud.com,,CC00942LYGEP,2024-02-05 04:58:48,,sent
223,66,rdrqf9973@yahoo.com,,CC00066HGM5S,2024-01-16 21:32:10,,clicked
224,143,fuvilr8273@proton.me,,CC001439345Z,2024-03-24 08:10:30,,sent
225,577,bhaebtvua2007@icloud.com,,CC0057721761,2024-03-19 13:23:33,,clicked
226,805,wsrmc625@proton.me,,CC008054JUJU,2024-06-12 01:54:50,,clicked
227,12,ixnkdygkpf8952@outlook.com,,CC00012UBJVJ,2024-05-12 01:31:00,,clicked
228,658,jyzllietn7441@icloud.com,,CC006581V53H,2024-02-26 09:09:23,,clicked
229,965,nqdzrj8500@outlook.com,,CC00965UA88N,2024-04-06 04:35:13,,sent
230,459,dkdsk130@yahoo.com,,CC00459LSJ75,2024-03-16 08:36:17,,sent
231,635,kqdjemmrbb5963@icloud.com,1037,CC006358HZFF,2024-06-01 15:29:37,2024-06-01 17:29:37,converted
232,394,iyqhd2449@yahoo.com,,CC003940ZADF,2024-03-21 08:01:23,,sent
233,293,fcvxqbwunu8389@yahoo.com,,CC00293J64YW,2024-02-20 03:02:02,,sent
234,497,dwbdylnff9271@proton.me,,CC00497CDABY,2024-05-27 23:27:10,,clicked
235,174,znquvrj7758@icloud.com,,CC001749155P,2024-03-20 07:16:53,,sent
236,320,dtzvditdi5357@gmail.com,1038,CC00320CQSUG,2024-04-11 11:51:29,2024-04-11 17:51:29,converted
237,80,skjejt2233@icloud.com,,CC00080EXB4Z,2024-06-12 12:01:21,,sent
238,278,avakhh2333@proton.me,1039,CC002782V7MQ,2024-02-21 03:11:51,2024-02-21 04:11:51,converted
239,375,kbnnvmkyzv2144@gmail.com,,CC00375NVRJQ,2024-04-17 02:24:07,,sent
240,237,xpbxfeew5268@outlook.com,1040,CC00237U7PKH,2024-01-25 18:29:21,2024-01-27 18:29:21,converted
241,696,dvfwky2704@icloud.com,1041,CC00696UJPPZ,2024-04-14 14:49:54,2024-04-16 02:49:54,converted
242,330,jegdwtmr7764@gmail.com,,CC00330LZ72J,2024-06-16 00:53:09,,sent
243,101,spytvuso4228@yahoo.com,,CC00101CIUHD,2024-05-13 20:21:31,,sent
244,422,koeklmmojo1179@yahoo.com,,CC004224LR9C,2024-06-25 14:59:47,,clicked
245,996,queuwepav6653@gmail.com,,CC00996NADCV,2024-01-05 13:27:23,,clicked
246,1,tkgqtg9586@proton.me,,CC00001AA08D,2024-02-24 23:08:59,,sent
247,776,vsavzro1468@outlook.com,,CC007769RT7N,2024-06-25 04:56:01,,sent
248,578,glzpkbefeh2842@gmail.com,,CC00578N2UPF,2024-03-30 16:05:49,,clicked
249,986,vqjrqewmdr5051@proton.me,,CC00986D8YH3,2024-01-21 02:37:00,,sent
250,844,linrwrkby8582@outlook.com,,CC00844YR7S9,2024-01-01 21:26:54,,clicked
251,916,vyxzkhm2757@icloud.com,,CC00916HR4X5,2024-04-24 19:00:45,,sent
252,373,tnrkqvq7252@gmail.com,,CC00373M43I4,2024-03-17 10:48:45,,sent
253,853,sdajl2780@proton.me,,CC00853XUJ3S,2024-05-05 18:50:52,,clicked
254,646,wgujoyu7898@proton.me,1042,CC00646AIH0N,2024-02-20 05:37:16,2024-02-21 05:37:16,converted
255,870,nwlpfxy7656@outlook.com,,CC00870XJ926,2024-03-20 03:36:22,,sent
256,750,wyxfuq4333@gmail.com,,CC00750MFB8U,2024-02-18 02:05:10,,sent
257,77,aqlmn9771@outlook.com,,CC00077EKSVQ,2024-06-19 07:42:08,,sent
258,485,zwacgx7327@outlook.com,,CC00485J8THM,2024-04-10 15:46:39,,sent
259,903,rkemswmlmm8877@gmail.com,,CC009037VIZ7,2024-05-09 20:16:52,,sent
260,577,mgppzy1679@yahoo.com,,CC005776IOSA,2024-01-25 17:36:54,,sent
261,514,ptqtvjxv4380@gmail.com,,CC00514R8S1Y,2024-01-03 06:33:43,,clicked
262,289,fntml5384@outlook.com,1043,CC00289YAKJE,2024-02-08 02:43:13,2024-02-08 03:43:13,converted
263,971,qjasilqb5925@yahoo.com,,CC00971H6BE8,2024-01-07 12:56:01,,sent
264,416,apxxjz5778@outlook.com,,CC0041689BVV,2024-02-08 00:39:03,,sent
265,296,urfed9983@outlook.com,,CC00296HU7AK,2024-06-03 08:16:12,,clicked
266,545,tsjnv909@outlook.com,,CC00545TEYU6,2024-05-15 21:13:35,,clicked
267,318,lxjtmlfvyd5399@outlook.com,,CC00318I3NDF,2024-02-25 21:38:28,,clicked
268,765,lhdjyn3026@outlook.com,,CC00765NQPTS,2024-06-18 00:04:38,,sent
269,355,bbnoswqvg8222@icloud.com,1044,CC00355NYM31,2024-03-06 17:16:51,2024-03-07 17:16:51,converted
270,666,uhtlmmjw6062@outlook.com,,CC006665EHQ4,2024-03-27 17:28:40,,sent
271,810,pqabhijz8969@outlook.com,,CC00810U0QJZ,2024-02-18 05:15:08,,sent
272,448,rikvdi9604@yahoo.com,,CC00448MBGQQ,2024-01-26 17:49:46,,sent
273,786,deuddmj1029@outlook.com,,CC0078638YHD,2024-03-13 22:26:31,,sent
274,640,iyigh5827@proton.me,,CC0064085NPG,2024-01-10 14:20:19,,clicked
275,952,fuymzt6796@proton.me,,CC00952B3W1K,2024-05-08 20:25:21,,sent
276,586,kshccxrot1532@proton.me,,CC00586QIONB,2024-01-06 19:40:01,,sent
277,689,rknyw8294@proton.me,,CC00689MY9BN,2024-02-17 02:27:26,,sent
278,211,cveeh541@proton.me,,CC00211ZY0Z7,2024-01-16 04:48:21,,clicked
279,43,rxoqn1029@proton.me,,CC00043THK8Q,2024-06-25 15:15:45,,clicked
280,772,gwwutohs3041@outlook.com,,CC00772G1PRF,2024-03-24 22:33:23,,sent
281,328,gqfre8109@proton.me,,CC003283OP2L,2024-06-13 17:01:36,,clicked
282,490,hoinrhy6292@proton.me,,CC00490H2WMD,2024-06-09 03:47:40,,clicked
283,417,fhyqup183@proton.me,,CC0041772J8N,2024-05-06 21:58:15,,clicked
284,531,rnvou3982@yahoo.com,,CC00531JUE6I,2024-06-23 06:04:04,,clicked
285,565,zrbnm4929@proton.me,,CC005658RI72,2024-02-22 09:33:07,,clicked
286,797,rlkvxzv7543@proton.me,,CC00797NYBMC,2024-06-21 17:14:45,,sent
287,910,mlqygzxeak4184@icloud.com,,CC00910M52GC,2024-05-03 17:34:24,,clicked
288,520,lcjbiqc8646@outlook.com,1045,CC00520YX2OW,2024-03-27 00:53:15,2024-03-28 12:53:15,converted
289,748,ztmadpnjx4842@proton.me,,CC007483OWA4,2024-04-08 03:21:58,,clicked
290,374,cchizvby103@icloud.com,,CC00374R6ZEB,2024-04-30 11:26:39,,clicked
291,163,coliyv1807@outlook.com,,CC001639I4BI,2024-06-21 17:06:47,,sent
292,457,eljwe3298@icloud.com,,CC00457DOMSP,2024-02-18 08:00:29,,clicked
293,350,ldbgqmbl5146@gmail.com,,CC00350A6M04,2024-01-30 02:04:38,,sent
294,449,lambb2914@gmail.com,,CC00449ZDN5V,2024-04-04 15:34:48,,sent
295,971,ofsgqj8680@outlook.com,1046,CC009710Z85P,2024-03-11 20:54:31,2024-03-12 08:54:31,converted
296,337,fhusfktam6035@outlook.com,,CC00337GZBUT,2024-01-10 16:34:03,,clicked
297,991,yaqcmvtl1824@yahoo.com,,CC00991MZWTY,2024-02-15 07:11:50,,sent
298,852,vtcqwjnlpj5810@proton.me,,CC00852D8IYU,2024-06-27 17:29:41,,clicked
299,981,sxpupog1207@icloud.com,,CC00981V9NXB,2024-05-13 03:16:23,,sent
300,811,bjsqywv5474@proton.me,,CC00811H4QX4,2024-05-20 07:56:43,,sent
301,855,geanqlqsl9519@yahoo.com,,CC00855O193X,2024-01-02 07:15:16,,sent
302,813,onwta9935@yahoo.com,,CC00813PAXV4,2024-01-13 14:14:44,,clicked
303,655,wzmke396@outlook.com,,CC0065572YSQ,2024-01-10 12:09:49,,clicked
304,48,pdkdyciqup6574@outlook.com,,CC00048P8QW8,2024-02-23 21:23:04,,clicked
305,569,vdjvvzjgy9322@icloud.com,,CC00569202VM,2024-01-22 18:16:38,,clicked
306,438,wskmjdd1852@icloud.com,,CC004380JQ9R,2024-05-25 01:18:27,,sent
307,397,ryrhnjppt2908@outlook.com,,CC00397FBCHZ,2024-04-29 06:28:00,,sent
308,439,dvcck9590@proton.me,,CC00439GNYHC,2024-04-22 05:20:54,,sent
309,493,ikdus7823@outlook.com,,CC00493ILLPG,2024-02-12 02:07:34,,clicked
310,775,mdeeprf6036@gmail.com,,CC00775QUFEU,2024-04-05 08:02:16,,clicked
311,520,uohsv6120@gmail.com,,CC00520L8YRR,2024-03-06 04:13:43,,sent
312,86,bdhhij8240@gmail.com,,CC00086CLM4F,2024-02-28 09:09:23,,sent
313,168,ntepwlj6844@yahoo.com,,CC001685JHDT,2024-04-30 04:17:13,,sent
314,786,niktfxqhu991@gmail.com,,CC00786AFR0R,2024-01-01 22:12:04,,sent
315,370,dxawunwpp1862@yahoo.com,,CC00370815VN,2024-06-12 09:38:38,,sent
316,342,uxccsae7505@outlook.com,,CC00342OX54K,2024-04-12 15:46:40,,sent
317,695,hyxhza2915@gmail.com,,CC006953MJOZ,2024-03-15 15:11:33,,clicked
318,576,vclrfkxx5580@outlook.com,,CC00576RBXP2,2024-01-01 18:28:58,,clicked
319,844,lzjki1222@outlook.com,1047,CC00844W00AG,2024-01-15 22:48:27,2024-01-16 04:48:27,converted
320,559,prsooseupe9583@gmail.com,,CC00559XDKU6,2024-03-26 07:01:44,,clicked
321,92,yskpedwkd1978@yahoo.com,,CC000923BQ6F,2024-06-07 08:49:10,,sent
322,515,hqnykjhbom9829@gmail.com,,CC00515IN5LV,2024-02-28 18:48:20,,clicked
323,952,ozzedcrxcb5156@yahoo.com,,CC00952HM3TG,2024-05-14 17:34:09,,sent
324,313,yzsdstg2854@icloud.com,1048,CC00313RCI2A,2024-04-15 11:14:09,2024-04-16 23:14:09,converted
325,709,mdbqehra3583@gmail.com,,CC007095NCY3,2024-06-22 22:13:07,,sent
326,722,hmziej1061@icloud.com,,CC007220XTYV,2024-04-05 17:45:47,,clicked
327,755,spieocoune6248@yahoo.com,,CC007558W1QX,2024-05-26 07:17:03,,clicked
328,985,hqgxl3785@gmail.com,,CC00985SVUCC,2024-06-27 09:03:07,,clicked
329,203,egssjvzzam101@proton.me,,CC00203T1KKU,2024-01-16 16:54:16,,sent
330,905,lnsktgy5331@proton.me,1049,CC00905MV3T0,2024-02-08 09:54:24,2024-02-10 09:54:24,converted
331,737,tgmmxdg2201@icloud.com,,CC007375RS35,2024-01-02 21:44:52,,sent
332,995,eqodcbunqs3770@outlook.com,,CC009958LPY0,2024-02-08 14:06:42,,sent
333,949,xlipg8160@yahoo.com,1050,CC00949CL4H9,2024-01-24 07:15:53,2024-01-24 19:15:53,converted
334,83,oldgk6957@proton.me,,CC00083QQ2G1,2024-02-19 02:15:34,,clicked
335,493,fdaei8120@outlook.com,1051,CC00493HHKDO,2024-06-26 15:05:38,2024-06-26 16:05:38,converted
336,791,ntxopmowll7176@outlook.com,,CC007915HRXE,2024-01-15 21:42:17,,clicked
337,546,pqubnf4505@outlook.com,,CC00546EJMS7,2024-04-21 09:55:07,,sent
338,92,vfcormzr5107@gmail.com,,CC00092IWD52,2024-05-23 00:32:46,,clicked
339,898,qgkdjhheg2994@icloud.com,,CC00898CUJ7I,2024-01-21 14:11:47,,clicked
340,471,tzbjl4573@yahoo.com,,CC00471B6MXZ,2024-01-28 05:43:02,,sent
341,678,ywlynpk7668@proton.me,,CC006785T27F,2024-02-21 20:13:02,,sent
342,734,tabur150@outlook.com,1052,CC00734A1L1C,2024-06-04 03:52:33,2024-06-04 15:52:33,converted
343,426,uznma3969@yahoo.com,,CC00426L1YXI,2024-01-16 22:54:47,,sent
344,478,vruopmx9843@gmail.com,,CC004781XC2I,2024-01-27 03:17:56,,sent
345,800,ptyogvemh8641@gmail.com,,CC00800D7GDP,2024-03-26 21:18:58,,sent
346,264,vxrvc2044@yahoo.com,,CC00264QV6RA,2024-02-18 01:14:58,,clicked
347,476,vjjrhzuuij5165@gmail.com,1053,CC004765YHCM,2024-02-08 09:51:48,2024-02-09 09:51:48,converted
348,673,dvcrrqsi2322@icloud.com,,CC006732DJ3L,2024-03-02 08:29:38,,clicked
349,868,kdqjnh9512@outlook.com,,CC008688GGHT,2024-04-13 22:44:57,,sent
350,821,sytqw2809@proton.me,,CC00821SM7RB,2024-04-09 06:15:11,,clicked
351,93,vvjuvxjhsm7905@outlook.com,,CC00093K6UJV,2024-05-13 05:34:39,,clicked
352,804,aowykodt7496@outlook.com,,CC0080432RV2,2024-01-10 11:27:56,,sent
353,569,wqjpdawaej5804@yahoo.com,,CC00569VB1C4,2024-06-24 09:16:27,,sent
354,988,vtmldy5908@gmail.com,1054,CC00988ZKEOC,2024-02-13 05:10:15,2024-02-14 17:10:15,converted
355,374,vtwessm4717@yahoo.com,1055,CC00374PDI47,2024-05-01 00:13:32,2024-05-01 02:13:32,converted
356,717,npauhq9629@outlook.com,,CC00717G8SZE,2024-06-05 05:58:24,,sent
357,889,ueqigxfq7485@yahoo.com,,CC008890EP8V,2024-04-05 05:16:52,,sent
358,584,dajmtbf4119@proton.me,,CC00584N5XN2,2024-01-16 11:56:58,,sent
359,234,jjgzj71@proton.me,,CC00234UHUHX,2024-04-06 10:52:31,,sent
360,382,fglvfzpzx4509@gmail.com,,CC003820SB9F,2024-04-02 11:45:48,,sent
361,673,qxadoapme9188@icloud.com,,CC00673DF1S4,2024-03-13 10:51:26,,sent
362,368,zsoudfvvx8456@icloud.com,1056,CC003688EM2B,2024-02-17 15:13:52,2024-02-19 15:13:52,converted
363,991,ocihvlx6404@icloud.com,,CC00991WYEGP,2024-04-24 02:53:06,,clicked
364,134,dizfotibyg6576@yahoo.com,,CC00134D5JGK,2024-05-28 23:16:51,,sent
365,848,cuxsxlz7236@proton.me,,CC008486U5PS,2024-06-24 14:07:08,,sent
366,930,nlqyckv7156@icloud.com,,CC00930X9KDQ,2024-06-23 10:42:51,,clicked
367,549,fmbeowc4358@outlook.com,,CC00549YV97J,2024-06-22 08:35:54,,clicked
368,555,abqfiuvj9502@yahoo.com,,CC00555966FB,2024-02-22 12:11:20,,sent
369,776,zsmfimdkme1186@yahoo.com,,CC007764ATMX,2024-02-12 19:57:30,,sent
370,370,jdhik324@gmail.com,,CC00370U245M,2024-04-23 23:30:53,,clicked
371,420,sffxb4029@icloud.com,,CC00420MGVL0,2024-04-27 14:59:40,,clicked
372,686,wuvambbm6183@gmail.com,,CC0068632IQ9,2024-06-15 19:46:04,,sent
373,736,wmiyfocsvx3906@proton.me,,CC007366QGCM,2024-01-16 09:46:25,,clicked
374,321,izvlddtshh8013@proton.me,,CC00321NICD0,2024-01-02 04:56:48,,clicked
375,431,reqdsop8588@yahoo.com,,CC00431EUAQ3,2024-05-17 15:15:24,,clicked
376,663,sygukym5954@outlook.com,,CC00663D8XNA,2024-01-02 07:19:18,,clicked
377,836,xkvil6565@icloud.com,,CC008367381O,2024-04-21 23:45:28,,clicked
378,445,mkodnti2289@proton.me,,CC00445PLLGR,2024-03-18 20:11:34,,clicked
379,549,domdjtdac9077@outlook.com,,CC00549YOVVT,2024-04-06 03:22:12,,sent
380,250,uhbudkyf614@yahoo.com,,CC00250F5JCD,2024-04-12 04:12:25,,sent
381,1000,gacxun352@icloud.com,1057,CC01000MSLSL,2024-06-08 09:01:26,2024-06-08 11:01:26,converted
382,988,sostlgmnd6342@gmail.com,,CC00988YV091,2024-06-05 21:01:08,,sent
383,444,yhmsefur8793@outlook.com,,CC00444ESNE8,2024-02-21 05:06:12,,clicked
384,572,xbvarywvp953@proton.me,,CC00572LZYEA,2024-06-11 19:29:38,,clicked
385,170,dwjbbh5765@icloud.com,1058,CC00170GK9JY,2024-06-26 16:42:27,2024-06-26 22:42:27,converted
386,63,neybhay9835@yahoo.com,,CC000630IGBV,2024-06-20 16:24:59,,sent
387,572,agayfaqm1577@proton.me,,CC00572GYZI7,2024-06-02 15:20:23,,sent
388,502,flilbdjyii1749@outlook.com,,CC00502QD6OD,2024-05-02 06:08:51,,sent
389,267,tdgmbdbbq3403@outlook.com,,CC002673IIBF,2024-02-12 04:01:09,,sent
390,744,xnxvmfwovp9891@gmail.com,1059,CC00744H7YD9,2024-04-29 00:56:45,2024-04-30 00:56:45,converted
391,289,vtoupg2561@gmail.com,,CC00289WQF78,2024-02-18 17:39:06,,clicked
392,341,bqxxximbx3087@proton.me,,CC003411HAV6,2024-03-30 16:12:59,,sent
393,230,nwqmlik9037@icloud.com,1060,CC00230EFX8X,2024-01-28 06:49:37,2024-01-28 18:49:37,converted
394,994,rjvjpikby3747@yahoo.com,,CC00994QLG40,2024-03-17 20:56:59,,clicked
395,93,exitim9632@outlook.com,1061,CC000934HXIO,2024-04-19 12:12:52,2024-04-19 14:12:52,converted
396,670,oxoaurr5381@yahoo.com,,CC00670V7Q7X,2024-06-30 14:45:08,,sent
397,755,raylehlk9955@outlook.com,,CC00755YH73Y,2024-03-19 05:31:51,,sent
398,330,nwtxaipi6999@yahoo.com,,CC00330U2NU4,2024-04-10 14:14:37,,clicked
399,151,vmqhvkossm899@outlook.com,,CC00151QGYIW,2024-03-27 23:29:09,,sent
400,977,cjyhskoz8409@icloud.com,,CC00977G3N0S,2024-03-21 19:34:28,,clicked
401,978,zpzxtru5902@gmail.com,,CC00978SPZPD,2024-02-02 21:30:37,,sent
402,294,zfrwoodpe7683@icloud.com,,CC00294V2X2H,2024-06-14 01:43:36,,sent
403,607,qpucre456@gmail.com,,CC00607ND1GA,2024-06-01 10:35:40,,clicked
404,386,ygvqr1091@outlook.com,,CC003861VGGB,2024-02-11 23:47:37,,clicked
405,909,acqpxy1601@icloud.com,,CC00909RL6ZA,2024-04-03 23:10:04,,sent
406,697,qtcmwvwve4818@outlook.com,,CC00697TJH56,2024-05-07 09:55:09,,clicked
407,80,mlcmqxrldd3054@gmail.com,,CC000804BWX0,2024-02-25 06:41:47,,clicked
408,555,hsqefc207@gmail.com,1062,CC00555NVZGZ,2024-05-21 04:29:09,2024-05-22 04:29:09,converted
409,801,utkdpece6505@outlook.com,,CC008011PIAG,2024-06-28 05:31:31,,sent
410,320,uyfwhrjfph1217@gmail.com,1063,CC00320XALLS,2024-04-03 20:28:08,2024-04-04 02:28:08,converted
411,180,zgsoodrxd5915@gmail.com,,CC00180DF3JP,2024-05-04 12:23:56,,clicked
412,32,pjebibmsh7777@gmail.com,,CC00032ZQYJM,2024-06-21 00:06:13,,sent
413,452,oyqcxugbt9899@gmail.com,,CC00452LKY7T,2024-03-25 14:11:01,,sent
414,129,ctvvi6667@icloud.com,1064,CC001292OP6V,2024-01-13 02:59:42,2024-01-13 08:59:42,converted
415,851,bxqqeg9242@proton.me,,CC00851RIZR9,2024-05-21 11:11:17,,sent
416,626,fssxqe4177@gmail.com,,CC006266WUOP,2024-06-19 04:21:18,,sent
417,797,hhdlpgsk5683@yahoo.com,,CC00797ZVTTX,2024-02-29 20:56:39,,clicked
418,165,zwvwxyq927@gmail.com,,CC00165OGJCJ,2024-02-18 08:05:25,,sent
419,98,fwzewfewoe3558@yahoo.com,,CC00098NBJN2,2024-03-18 08:28:51,,clicked
420,653,hhdcmg9435@outlook.com,,CC00653KURK1,2024-02-29 12:18:47,,clicked
421,725,tjnxbqdxhm2845@outlook.com,,CC00725XKV59,2024-02-04 21:08:41,,clicked
422,222,xqwjqvjwbi1954@outlook.com,,CC00222N7CT4,2024-02-11 15:12:43,,clicked
423,910,byvogt1249@gmail.com,,CC009100DJ96,2024-06-23 07:30:52,,clicked
424,643,yitzqxqa6894@proton.me,,CC00643O0N5W,2024-06-09 08:56:12,,clicked
425,330,uunmyq6321@outlook.com,,CC00330AC1PM,2024-01-20 21:24:15,,clicked
426,731,kagbx7875@yahoo.com,1065,CC00731U3T28,2024-02-07 02:10:29,2024-02-07 04:10:29,converted
427,278,mvesnlsjjn5277@proton.me,,CC00278ZVQLQ,2024-01-03 16:30:04,,clicked
428,888,npaimmvqw3424@icloud.com,,CC00888PALWB,2024-05-16 09:05:02,,sent
429,612,niuvfbgzla2186@proton.me,,CC00612MTOWN,2024-05-21 16:56:36,,sent
430,844,jrxkxi1342@yahoo.com,,CC00844DDKOX,2024-03-22 09:21:05,,clicked
431,309,auwihnzpg6641@outlook.com,,CC00309IFJI1,2024-01-21 03:39:51,,sent
432,939,vskrj5288@icloud.com,,CC009396R4U0,2024-03-05 05:52:53,,sent
433,731,ieyytv6870@icloud.com,,CC0073124BX2,2024-05-25 14:50:36,,sent
434,844,pqehrwlw3425@proton.me,1066,CC00844OJ58U,2024-06-14 10:13:31,2024-06-14 16:13:31,converted
435,620,istab5803@yahoo.com,,CC00620A2H5C,2024-03-22 00:26:07,,clicked
436,509,nqxzxe3581@proton.me,,CC00509BD8CD,2024-03-28 03:40:09,,sent
437,406,ztrbvh1423@proton.me,1067,CC00406XIX5B,2024-02-17 14:45:22,2024-02-18 14:45:22,converted
438,876,xnpusfu1820@gmail.com,1068,CC008766FWUN,2024-02-10 09:28:39,2024-02-11 09:28:39,converted
439,998,hnlcyzy9216@yahoo.com,,CC009980JEZ4,2024-05-24 22:14:35,,sent
440,270,hlimeeafu5919@proton.me,,CC00270WQ1FT,2024-02-03 20:07:59,,clicked
441,767,pxsyh9886@outlook.com,,CC007678N0WC,2024-04-27 00:15:15,,sent
442,589,rhhgigpa1189@outlook.com,,CC00589G5950,2024-03-01 21:19:46,,clicked
443,349,unmmr739@gmail.com,,CC003496KQB7,2024-04-05 20:51:27,,sent
444,246,tyxtxs939@outlook.com,,CC00246XQ6BW,2024-04-05 03:59:48,,clicked
445,437,ccramq1439@icloud.com,,CC004375MLGM,2024-05-10 16:02:17,,sent
446,725,wwttmxicjb6411@proton.me,,CC007257CMQY,2024-05-18 04:26:19,,clicked
447,429,kzxzoktk6674@gmail.com,,CC00429M5LZE,2024-06-15 22:02:45,,sent
448,237,kedxynj9945@icloud.com,,CC00237CE8XP,2024-04-23 23:40:33,,sent
449,844,otwpono8315@proton.me,,CC0084490DPI,2024-06-22 04:56:02,,clicked
450,49,kwzejo1288@icloud.com,,CC00049JI7EK,2024-05-17 14:24:54,,sent
451,725,mfcpo8232@icloud.com,,CC00725I9X4N,2024-01-02 22:31:01,,clicked
452,5,eaekft8034@icloud.com,,CC00005NWK1S,2024-06-02 00:53:26,,sent
453,2,vsftm303@yahoo.com,,CC000021LSZK,2024-02-27 20:38:03,,sent
454,402,dsuvcor2479@gmail.com,,CC0040284TYP,2024-05-25 06:37:48,,sent
455,713,nzzrofq1050@gmail.com,,CC00713D7SCR,2024-04-23 03:32:23,,sent
456,807,kkfqyhebgk5348@proton.me,1069,CC00807SMG9R,2024-02-10 14:28:00,2024-02-11 14:28:00,converted
457,563,dwkdw4786@proton.me,,CC00563VSF08,2024-03-29 13:29:34,,clicked
458,182,bdplkogskj6782@outlook.com,,CC00182E6FE8,2024-01-01 18:32:15,,sent
459,115,igyrawdhwp4858@yahoo.com,,CC00115Y0J4Q,2024-04-20 04:43:36,,sent
460,988,bwxnlqat557@proton.me,1070,CC009884ZVZ0,2024-06-16 15:55:39,2024-06-16 17:55:39,converted
461,31,ysooye9468@proton.me,,CC00031P4PHF,2024-06-15 14:10:46,,clicked
462,240,nzjkaqp42@outlook.com,,CC00240O4RK5,2024-05-30 08:42:29,,clicked
463,493,klpbgpp5599@outlook.com,,CC0049396XR8,2024-03-02 16:20:28,,sent
464,48,zldwizdpe6875@yahoo.com,,CC00048L916Y,2024-03-09 16:45:58,,sent
465,527,wukvp7649@gmail.com,1071,CC00527BCUC6,2024-02-29 09:23:16,2024-02-29 21:23:16,converted
466,372,ogueqczpbt9850@outlook.com,,CC003724AKXK,2024-01-25 10:30:57,,sent
467,334,qvartdosr7672@icloud.com,,CC003344BW34,2024-03-28 02:04:18,,clicked
468,887,xuvaf7707@proton.me,,CC00887HQKZG,2024-06-11 15:10:29,,clicked
469,420,trqwvsetge73@icloud.com,,CC00420E7UTE,2024-02-01 06:41:13,,clicked
470,85,kivklbdsw9154@proton.me,,CC00085V15CF,2024-04-01 05:54:40,,sent
471,991,hjqxgvfa7175@icloud.com,,CC00991TD5G1,2024-03-03 01:23:46,,clicked
472,400,byhvmgjs5066@outlook.com,,CC00400IMGPK,2024-03-07 07:59:18,,sent
473,684,nzisryobc8530@outlook.com,1072,CC0068481DE0,2024-06-08 22:15:00,2024-06-09 04:15:00,converted
474,948,xhtifg3385@proton.me,,CC00948UIW5E,2024-01-11 00:34:10,,sent
475,466,iwimn2187@icloud.com,,CC00466GT3HF,2024-03-06 19:51:46,,clicked
476,864,ccnrusrx6191@proton.me,,CC0086478JP2,2024-01-29 05:21:05,,sent
477,997,arizmtts6771@proton.me,,CC00997D9GEV,2024-05-02 20:06:28,,clicked
478,303,zysdtayzkj9499@outlook.com,,CC003035DSJN,2024-05-29 21:16:59,,clicked
479,176,xxctbgkax2598@proton.me,,CC00176FRLKW,2024-04-14 14:51:38,,clicked
480,810,jcvnsrcd6008@gmail.com,,CC00810SGT6L,2024-04-16 03:38:12,,clicked
481,319,rnwnf9448@yahoo.com,,CC003194TGVX,2024-03-16 01:41:34,,clicked
482,865,fkgwhbmt2495@proton.me,,CC008651IH6L,2024-02-11 10:50:05,,clicked
483,307,moqlzgqfza1557@gmail.com,,CC00307ZYNIN,2024-06-21 02:21:02,,clicked
484,151,vhhaqlx6200@yahoo.com,,CC00151FUC4W,2024-02-23 05:29:56,,clicked
485,87,zkbrbwxhpq7245@outlook.com,,CC00087WMSWD,2024-03-15 07:16:37,,sent
486,401,xhzkqo4717@outlook.com,1073,CC0040195H36,2024-06-08 08:29:44,2024-06-08 10:29:44,converted
487,550,rumclt5847@outlook.com,,CC005500CU2T,2024-02-15 10:26:56,,clicked
488,584,veyxb2966@gmail.com,,CC00584S4YE4,2024-01-31 09:52:29,,sent
489,556,klibib3736@yahoo.com,,CC00556K7C5K,2024-01-24 08:09:51,,clicked
490,696,btmpvug3775@proton.me,,CC006968K179,2024-02-02 18:30:18,,sent
491,249,jfpgvojn3131@yahoo.com,1074,CC002499SX3K,2024-05-04 17:36:27,2024-05-04 19:36:27,converted
492,575,mmgsa4198@outlook.com,,CC00575OYSJ8,2024-05-14 08:05:29,,clicked
493,502,hhjjadks4788@icloud.com,1075,CC00502JFUTG,2024-02-10 09:51:02,2024-02-11 09:51:02,converted
494,211,bigqbimxe8441@yahoo.com,,CC002111HHW9,2024-04-01 05:48:04,,clicked
495,744,bqzepomg495@gmail.com,,CC00744DWV4K,2024-06-20 08:37:04,,sent
496,294,rrwaty653@proton.me,,CC002949QCL3,2024-04-05 00:58:30,,clicked
497,581,pcyrug5622@icloud.com,,CC00581H6T4U,2024-03-28 12:30:22,,sent
498,531,hcrzi4554@yahoo.com,,CC00531B4626,2024-05-24 19:45:54,,clicked
499,471,rlypk8296@icloud.com,,CC00471GOLCB,2024-03-29 03:26:09,,clicked
500,997,kycdimevod9615@gmail.com,,CC00997FRUXT,2024-06-27 02:27:24,,clicked
501,280,bwancsroi6028@yahoo.com,1076,CC00280QIZKQ,2024-05-10 19:59:50,2024-05-11 01:59:50,converted
502,775,mpnetnxth7430@yahoo.com,,CC007750JVR3,2024-03-27 07:40:25,,sent
503,887,uqprv6683@outlook.com,,CC008879Q7S4,2024-03-13 18:51:10,,sent
504,711,grxxviztdq9669@gmail.com,,CC007112YREL,2024-05-09 12:25:37,,sent
505,2,mysgz2586@outlook.com,,CC00002N2BE6,2024-05-03 08:08:55,,clicked
506,508,mzlzwo7680@gmail.com,,CC00508PH8A5,2024-03-09 09:00:37,,sent
507,194,esxrfocx6672@icloud.com,,CC00194O7G5B,2024-05-15 04:59:46,,sent
508,333,qzoiikxd6858@gmail.com,,CC003333NQ6F,2024-01-14 22:54:14,,sent
509,689,ascssavkb4217@gmail.com,,CC00689Z5QDE,2024-03-25 15:08:49,,sent
510,676,llkiriteez1867@icloud.com,,CC006769JMZ8,2024-06-07 08:40:44,,clicked
511,81,aobznylefu7268@proton.me,,CC0008116UKL,2024-04-16 19:53:00,,clicked
512,336,atrzazey592@proton.me,,CC00336OR2KE,2024-01-06 20:36:48,,clicked
513,591,oleyopwgla3066@outlook.com,,CC00591XCD28,2024-06-11 14:25:55,,sent
514,460,wfwgi1097@yahoo.com,1077,CC00460QH1J5,2024-03-11 12:46:55,2024-03-11 13:46:55,converted
515,981,hresb9149@proton.me,,CC00981J1U5X,2024-01-01 11:14:11,,clicked
516,943,twstddkctp136@gmail.com,,CC00943SAS3V,2024-04-17 12:54:37,,clicked
517,900,ogfhv5570@gmail.com,,CC00900T0Z6M,2024-04-08 14:50:10,,sent
518,719,nvlupqyuzc6797@proton.me,,CC00719KAEWF,2024-03-07 06:27:12,,sent
519,314,vudcssjn3116@icloud.com,,CC003141B3JS,2024-03-24 12:42:42,,sent
520,838,spwkwdgcvt6053@icloud.com,,CC008388MZ51,2024-04-23 13:18:33,,clicked
521,850,cazqwhyoth1646@icloud.com,,CC00850JBN5Z,2024-04-09 11:26:52,,sent
522,344,twazzx9054@icloud.com,,CC00344NDGDH,2024-06-03 05:44:16,,sent
523,386,miknain9448@yahoo.com,,CC00386L8SNW,2024-06-12 01:40:05,,sent
524,840,mnoydeljjf6070@proton.me,1078,CC00840OFQYE,2024-05-11 03:15:38,2024-05-12 15:15:38,converted
525,684,dhwatrog3658@outlook.com,1079,CC00684YJ94K,2024-01-06 04:35:51,2024-01-07 16:35:51,converted
526,272,weacommq5666@yahoo.com,,CC00272G77FL,2024-05-24 00:28:33,,sent
527,934,gjtmul4133@outlook.com,,CC00934QMFD2,2024-01-26 04:18:51,,clicked
528,99,nlasefv8753@icloud.com,,CC00099TSK3A,2024-06-30 16:36:24,,sent
529,670,xqwugru5097@icloud.com,,CC006701CNZ0,2024-03-30 17:38:29,,clicked
530,539,qbzyic6877@icloud.com,,CC00539VK0QQ,2024-02-16 20:45:31,,sent
531,73,nlstcfoqh5375@proton.me,,CC00073E9EU0,2024-05-27 21:50:45,,clicked
532,350,chfmk6571@yahoo.com,,CC00350S2N3K,2024-05-02 09:42:42,,sent
533,937,rosoqvua9014@gmail.com,,CC00937AB0G3,2024-06-19 11:07:06,,sent
534,601,iiiigp701@proton.me,,CC00601ZQW29,2024-03-17 17:21:26,,clicked
535,2,ynmeeewxhz9653@icloud.com,,CC00002PZEKS,2024-02-21 11:46:39,,sent
536,944,lpeie3558@outlook.com,,CC00944H7L8Q,2024-03-08 01:21:36,,sent
537,687,fxudutnm788@yahoo.com,,CC00687XAZVV,2024-04-06 15:28:46,,clicked
538,492,qwaucroavz6440@icloud.com,,CC00492VRYR2,2024-05-02 05:54:25,,sent
539,754,tetjl4014@gmail.com,,CC00754HMH74,2024-03-30 05:15:17,,sent
540,722,iltjfsm9179@gmail.com,,CC007220XGYX,2024-06-20 13:46:05,,clicked
541,406,tzbrcpqp6634@yahoo.com,1080,CC00406DUG8P,2024-05-20 23:30:31,2024-05-21 05:30:31,converted
542,96,jwtwrmqrgk2623@icloud.com,,CC00096751VU,2024-05-23 20:49:25,,clicked
543,484,jnpumzs9915@icloud.com,,CC00484VVDKT,2024-01-12 21:09:43,,sent
544,934,rofsc2109@icloud.com,,CC00934SH3PF,2024-01-02 20:06:45,,clicked
545,843,jmstz8623@outlook.com,1081,CC00843GWN0M,2024-02-25 18:06:39,2024-02-26 06:06:39,converted
546,844,mjxjxqhyk5076@icloud.com,,CC00844JJMBY,2024-04-12 08:43:18,,sent
547,266,ydojr8624@proton.me,,CC00266BTL03,2024-05-27 05:25:36,,sent
548,754,icancoqxvm8059@outlook.com,,CC00754JPVQ3,2024-05-25 02:04:58,,sent
549,950,vuhtgf4921@icloud.com,,CC00950P0OI8,2024-03-14 04:36:39,,sent
550,850,lxnqbafhoq4013@outlook.com,,CC008509B8EK,2024-01-31 08:01:25,,clicked
551,274,amxoebjp7388@yahoo.com,1082,CC002749OAT0,2024-01-26 08:28:25,2024-01-26 20:28:25,converted
552,606,xgoem7823@icloud.com,,CC00606RIXCI,2024-03-16 18:56:39,,clicked
553,392,uxcoo8506@icloud.com,1083,CC00392LR5T9,2024-06-24 05:47:25,2024-06-25 05:47:25,converted
554,253,utifw3191@outlook.com,,CC00253WR73Y,2024-06-20 12:41:23,,clicked
555,808,sdkamm5329@icloud.com,,CC00808S4FZR,2024-04-07 19:44:03,,clicked
556,438,ylpvswvko9329@icloud.com,,CC00438SLMA5,2024-01-10 04:54:35,,clicked
557,299,bspepzzuac7233@proton.me,,CC00299IG8OF,2024-03-11 15:25:48,,clicked
558,406,qrtldli9570@proton.me,,CC00406488PK,2024-01-04 01:09:56,,sent
559,561,uwlannaii3285@proton.me,,CC005613N0MW,2024-05-19 03:57:38,,clicked
560,860,utzju745@icloud.com,1084,CC00860VQCED,2024-03-13 00:47:21,2024-03-13 12:47:21,converted
561,565,fwutylenl6780@gmail.com,1085,CC005657RN7U,2024-05-12 17:11:34,2024-05-14 17:11:34,converted
562,361,tuqbahc4691@gmail.com,,CC00361N207K,2024-04-07 20:06:51,,clicked
563,14,lrcij6266@icloud.com,1086,CC00014DXAJX,2024-05-10 07:37:55,2024-05-11 19:37:55,converted
564,569,mwhintm8585@yahoo.com,1087,CC00569IC1KX,2024-03-19 08:12:46,2024-03-20 08:12:46,converted
565,10,clonlbvy8210@gmail.com,,CC000105886D,2024-04-21 17:20:29,,sent
566,248,hprojcggk2515@outlook.com,,CC00248PE5HD,2024-05-01 16:39:54,,clicked
567,466,uypyuq5064@icloud.com,,CC00466KBCUS,2024-02-03 10:34:53,,sent
568,128,qcimya4551@yahoo.com,,CC00128N7C41,2024-06-24 11:44:53,,clicked
569,351,gcegzrn2351@proton.me,,CC003516OV0N,2024-06-13 16:43:54,,clicked
570,579,vyvog8291@icloud.com,,CC005793EV33,2024-06-20 13:17:26,,clicked
571,925,iemksm1984@outlook.com,,CC00925P46AG,2024-05-22 21:44:29,,sent
572,206,ejkodys1447@yahoo.com,,CC00206T75MC,2024-02-07 03:26:14,,clicked
573,294,jdmakoqnhw2817@gmail.com,,CC00294PQFGL,2024-01-26 17:36:23,,sent
574,200,mytgke4055@yahoo.com,,CC00200FOQ6P,2024-04-30 01:30:06,,clicked
575,354,wpvtnlstp2475@proton.me,,CC00354KVGCP,2024-04-08 08:58:09,,clicked
576,167,tknspwxikk7195@proton.me,,CC00167HGGO6,2024-06-17 05:24:11,,sent
577,225,lagbfrff5225@gmail.com,1088,CC00225SDOTA,2024-01-21 20:04:07,2024-01-21 21:04:07,converted
578,13,gjbkyk2861@yahoo.com,,CC00013L8TVF,2024-03-22 14:27:21,,sent
579,356,zdylqyuiy2055@gmail.com,,CC00356CKC54,2024-05-03 22:49:25,,sent
580,509,kswbo7826@outlook.com,,CC00509G8TPN,2024-05-06 12:43:32,,sent
581,231,tovyc688@icloud.com,1089,CC002318QHS9,2024-04-17 06:06:49,2024-04-17 08:06:49,converted
582,546,ydufdlr5374@outlook.com,,CC00546BKYYT,2024-06-21 18:34:21,,sent
583,883,hqnkipl854@gmail.com,,CC00883RW3G9,2024-04-05 00:19:00,,sent
584,234,vgvjqjavi3998@proton.me,,CC00234RB5RQ,2024-03-20 19:49:21,,clicked
585,735,ucwutzsa3162@yahoo.com,1090,CC00735I3NPP,2024-01-23 10:35:35,2024-01-23 16:35:35,converted
586,558,cbclpp5185@icloud.com,,CC005587JMDX,2024-01-31 07:46:29,,sent
587,31,xavtiuugj6836@yahoo.com,1091,CC00031NNQPN,2024-01-15 07:00:49,2024-01-17 07:00:49,converted
588,137,qqvsrjkdny8563@proton.me,,CC00137Z4S3E,2024-04-06 07:28:52,,sent
589,561,mcwcb2663@outlook.com,,CC00561EK3LN,2024-02-18 09:42:11,,clicked
590,235,ylymvscxak9784@outlook.com,,CC00235L7XTR,2024-06-26 17:38:20,,sent
591,208,quykx7562@gmail.com,,CC00208NH5EY,2024-01-02 10:40:18,,clicked
592,847,qqlagipjv4253@gmail.com,,CC00847BUX47,2024-05-09 01:34:14,,sent
593,314,sswoywbk4591@yahoo.com,1092,CC00314JYKX9,2024-01-26 05:17:08,2024-01-27 17:17:08,converted
594,157,kibthgeycl4430@proton.me,,CC001572ABL3,2024-02-24 04:35:46,,clicked
595,231,cfrqtuqtam9808@gmail.com,,CC00231XTUYL,2024-06-29 06:53:20,,sent
596,52,facrqzqmv3940@yahoo.com,,CC00052JI934,2024-04-18 05:48:12,,clicked
597,609,rnjvj3956@gmail.com,,CC00609X4R5B,2024-01-07 16:26:51,,sent
598,791,axdikolq5874@yahoo.com,,CC00791UL27B,2024-02-11 14:33:18,,clicked
599,163,gsknkfwpx4719@gmail.com,,CC00163PWDMJ,2024-01-14 02:12:14,,sent
600,726,vuemqxazzt884@icloud.com,,CC00726SH1FY,2024-06-28 01:59:58,,clicked
601,350,dvegcimda3510@proton.me,1093,CC00350476EG,2024-01-28 02:19:25,2024-01-30 02:19:25,converted
602,470,qdbwiorwiy36@proton.me,,CC00470NY0TR,2024-04-29 22:17:15,,sent
603,716,humljdnq6919@gmail.com,,CC00716EFIDX,2024-02-13 10:41:31,,sent
604,258,cmeyr2919@outlook.com,,CC00258OU833,2024-02-10 06:54:49,,sent
605,867,dsewxo4085@proton.me,,CC00867154R7,2024-02-03 02:43:49,,sent
606,725,pvganj7203@proton.me,,CC00725HWE8E,2024-02-29 02:38:12,,sent
607,744,jbazpl6102@gmail.com,,CC00744WCQTJ,2024-02-06 01:54:29,,sent
608,565,ofqzlt3790@proton.me,1094,CC00565EIHCJ,2024-05-30 00:36:53,2024-05-31 12:36:53,converted
609,733,mpoeimj7611@gmail.com,,CC007339PKL4,2024-04-13 21:00:42,,sent
610,234,ujkxbxsf3817@gmail.com,,CC00234D2CPD,2024-01-07 11:17:09,,clicked
611,351,agfcer3775@icloud.com,,CC00351RCQ1H,2024-05-24 09:15:21,,sent
612,653,cndbazjd7813@yahoo.com,,CC006533O3QY,2024-01-06 08:04:24,,clicked
613,291,dwxbli2203@proton.me,,CC00291XAZH3,2024-04-02 20:29:19,,sent
614,631,alexsq7811@proton.me,,CC0063138AIZ,2024-01-24 05:35:45,,sent
615,11,otuwo4310@outlook.com,,CC00011LLZ90,2024-04-14 07:06:42,,sent
616,778,lhezgyqxzx5339@icloud.com,,CC00778R9A2B,2024-06-09 01:51:01,,sent
617,651,ppgyafg1286@outlook.com,1095,CC006515MWBW,2024-06-04 03:06:29,2024-06-04 09:06:29,converted
618,586,kdlbzns9871@outlook.com,,CC005860DSG6,2024-01-28 13:37:26,,sent
619,405,rbrjiagiaw1158@icloud.com,,CC00405JWYR2,2024-02-04 08:20:00,,sent
620,969,wvvcbzfv4056@gmail.com,,CC00969VOCN8,2024-05-08 09:53:59,,clicked
621,916,phtqptgi8885@yahoo.com,,CC00916G6CD2,2024-02-23 23:52:14,,clicked
622,136,rtypsulszc4361@outlook.com,,CC0013686UL6,2024-05-24 20:03:12,,sent
623,330,gkwuetovn9178@gmail.com,,CC00330XRIOW,2024-03-06 23:22:56,,sent
624,431,mfnihdccn2009@icloud.com,,CC00431ETQP3,2024-02-19 10:43:26,,clicked
625,416,pppxevdoqf7346@icloud.com,,CC004165R7A2,2024-01-12 03:22:18,,clicked
626,340,qvluu9687@icloud.com,,CC00340RX42R,2024-01-23 16:12:55,,clicked
627,117,uvmydjy300@gmail.com,,CC00117M8JKX,2024-01-07 14:41:00,,sent
628,699,ivdkqmygt4409@outlook.com,,CC00699MMYR7,2024-06-19 12:02:53,,sent
629,677,vrzaxi9262@outlook.com,,CC0067782YF7,2024-02-10 21:06:07,,clicked
630,716,morwmy9099@proton.me,,CC007169450X,2024-05-30 10:05:18,,clicked
631,253,vouemrho9832@outlook.com,,CC00253HMCR3,2024-06-28 15:23:43,,sent
632,444,murghczo1059@proton.me,,CC00444EGYUA,2024-02-13 11:36:32,,sent
633,486,picpjpn7871@proton.me,,CC00486SHRBS,2024-02-03 17:02:03,,clicked
634,754,pdymgvlweu4611@gmail.com,,CC00754TDNUM,2024-06-09 03:58:27,,sent
635,126,ewkggzoozx4312@icloud.com,,CC001266VDCF,2024-05-05 05:16:18,,sent
636,823,zzpkllpeoy3095@proton.me,,CC00823YZM50,2024-04-19 07:13:20,,sent
637,877,hgsgqqita2938@icloud.com,,CC00877RE29U,2024-04-12 21:31:06,,sent
638,416,yiflq2387@outlook.com,,CC004165XK1S,2024-03-10 11:14:09,,sent
639,151,lspgnrogpu8628@icloud.com,,CC00151PSRRT,2024-04-18 10:06:14,,sent
640,91,lswej6241@outlook.com,,CC00091G0DLH,2024-02-27 04:46:04,,sent
641,49,acxlcbp4585@yahoo.com,,CC000492IC7P,2024-01-04 13:02:57,,clicked
642,314,uicffb1302@gmail.com,,CC003145ZSNP,2024-03-17 19:53:55,,clicked
643,810,ssszs4510@proton.me,1096,CC00810G6QOA,2024-04-02 15:40:40,2024-04-02 17:40:40,converted
644,85,iwpybxic4438@yahoo.com,,CC00085MZ43D,2024-04-11 19:02:01,,sent
645,719,yicig1148@gmail.com,,CC00719UL867,2024-01-07 00:11:01,,sent
646,58,kuushytz9945@icloud.com,1097,CC00058P4JS6,2024-01-30 08:11:14,2024-01-30 14:11:14,converted
647,104,zabmuix689@proton.me,1098,CC00104GRT4L,2024-01-11 18:43:34,2024-01-12 00:43:34,converted
648,942,hgkon4831@yahoo.com,1099,CC0094257QNT,2024-03-27 06:19:56,2024-03-27 18:19:56,converted
649,746,almgn6025@outlook.com,,CC00746QDW7R,2024-06-19 23:47:22,,clicked
650,141,suethwgaq2475@gmail.com,,CC00141NQGNR,2024-01-18 22:20:02,,clicked
651,825,ubnoeui9569@outlook.com,,CC008253YW1V,2024-06-26 00:19:33,,sent
652,988,cretu997@proton.me,,CC00988HDAUB,2024-04-14 18:14:59,,clicked
653,38,webqslfj5523@proton.me,1100,CC00038M5DEP,2024-01-14 13:35:15,2024-01-15 13:35:15,converted
654,939,palumfyq9157@icloud.com,,CC0093963TH5,2024-01-04 19:26:09,,sent
655,756,akonzzgsvo448@gmail.com,,CC00756JCZLX,2024-01-10 21:10:53,,clicked
656,615,mahwrmqahw835@outlook.com,,CC0061503CQE,2024-06-14 13:21:21,,sent
657,582,ljzaybxu1938@proton.me,,CC00582T86LR,2024-02-01 00:44:56,,sent
658,517,hmaeeiaei3012@gmail.com,,CC00517NFTC4,2024-01-01 01:06:27,,sent
659,125,gcuomt5662@gmail.com,,CC00125ZE9WY,2024-03-04 23:28:13,,sent
660,639,atvcasvmq684@outlook.com,,CC006390NLU6,2024-01-18 01:08:46,,clicked
661,164,qujoxgfmpb2472@outlook.com,,CC00164GHB9N,2024-03-20 01:31:49,,clicked
662,452,vwffvqd5128@proton.me,,CC004529CHPU,2024-01-29 21:02:52,,sent
663,443,jschtizz4587@outlook.com,1101,CC004438TEBT,2024-02-10 07:18:37,2024-02-10 13:18:37,converted
664,617,daaugvxylh658@icloud.com,,CC00617XN0QR,2024-05-18 14:06:57,,clicked
665,440,afzfbonyf708@proton.me,1102,CC00440QD2UG,2024-03-21 06:14:23,2024-03-22 06:14:23,converted
666,416,rnwepiwjo4363@icloud.com,,CC00416L7P1Y,2024-06-02 22:13:13,,sent
667,167,rplpa2021@gmail.com,,CC00167UTJ0W,2024-02-25 10:27:21,,sent
668,365,gnloyuh8749@yahoo.com,,CC00365GO2T7,2024-05-20 20:44:20,,clicked
669,143,cbzrkk6800@outlook.com,,CC00143C7VUW,2024-01-12 15:03:33,,clicked
670,544,aslezusvl2077@icloud.com,,CC0054405SA9,2024-05-20 17:48:29,,clicked
671,342,cqlshezvrk2254@outlook.com,,CC00342RV8JH,2024-04-14 22:58:13,,clicked
672,170,ujwmlaiaxn6570@outlook.com,1103,CC0017061LQO,2024-02-13 21:23:04,2024-02-14 21:23:04,converted
673,335,cnlygkn3583@yahoo.com,1104,CC00335W24XV,2024-05-30 04:50:52,2024-05-31 04:50:52,converted
674,651,sdlww596@proton.me,1105,CC006512CVB6,2024-01-07 02:35:20,2024-01-07 04:35:20,converted
675,667,nxrvbufcz6120@icloud.com,,CC00667UD0CT,2024-04-16 18:49:39,,sent
676,755,vcrgq5859@gmail.com,,CC007558OG99,2024-01-13 18:18:05,,sent
677,278,qtkdlrjwz4661@icloud.com,,CC002785YJCO,2024-03-01 05:13:27,,clicked
678,579,szynmj9191@icloud.com,,CC005797U0C0,2024-03-09 10:06:06,,sent
679,872,tvefucyhg4033@yahoo.com,,CC00872VRZK1,2024-02-01 18:40:03,,clicked
680,975,irnyxstwbz7741@icloud.com,,CC00975EW1Z6,2024-04-25 04:14:52,,clicked
681,784,fucukquwa9773@proton.me,,CC00784PK9WF,2024-06-05 09:45:52,,sent
682,70,dddjjpz825@yahoo.com,,CC00070KVAXQ,2024-05-03 12:13:48,,sent
683,94,tfrjjyqzf3352@outlook.com,,CC00094JZQA1,2024-05-28 22:34:03,,clicked
684,79,pphilt4416@outlook.com,1106,CC00079W0HY3,2024-05-22 11:30:53,2024-05-23 11:30:53,converted
685,235,egrtzdid8127@proton.me,,CC00235SJRRW,2024-03-27 04:11:12,,sent
686,844,pnmisqqq3198@icloud.com,,CC00844UDSNJ,2024-02-16 22:01:03,,sent
687,804,fnjzxdevta6872@outlook.com,,CC00804DVUF7,2024-04-15 21:30:10,,clicked
688,828,jifyb7307@proton.me,,CC008287I2HK,2024-04-05 22:49:03,,clicked
689,870,twjqduuu2811@icloud.com,,CC00870TLVU5,2024-04-29 15:59:00,,sent
690,674,baddinqw6911@yahoo.com,,CC00674DZLHR,2024-05-26 16:07:52,,sent
691,988,smovew8159@outlook.com,,CC00988Y21G6,2024-02-10 10:15:13,,sent
692,491,bwegu8832@icloud.com,,CC00491EXQQG,2024-02-07 18:07:54,,clicked
693,320,gucsjhzoz6298@yahoo.com,,CC00320WYTAU,2024-05-07 00:30:39,,sent
694,825,lrvlyrki7286@gmail.com,1107,CC00825LDTMX,2024-05-28 22:05:14,2024-05-29 00:05:14,converted
695,1,rijhjvvv6469@outlook.com,,CC00001050VR,2024-02-05 23:52:54,,sent
696,91,anpuudg4866@icloud.com,1108,CC000911GLRA,2024-01-12 09:22:06,2024-01-12 15:22:06,converted
697,118,ldpfw7531@gmail.com,,CC00118LCEQ4,2024-06-12 13:04:10,,sent
698,688,lfpzkaykb7557@outlook.com,1109,CC00688W35F5,2024-03-27 00:49:59,2024-03-28 00:49:59,converted
699,577,xgvpj1895@yahoo.com,,CC0057742HQF,2024-03-26 11:49:40,,sent
700,70,ltzhnxeh6648@outlook.com,1110,CC000707X33E,2024-03-04 14:23:56,2024-03-06 02:23:56,converted
701,47,hpbjubctqx8103@proton.me,,CC00047UD5WC,2024-03-24 22:14:21,,sent
702,172,panzybkxb4776@outlook.com,,CC001724PW5N,2024-06-02 07:49:57,,clicked
703,692,hzkwbzinz9083@yahoo.com,,CC00692KYJXR,2024-06-11 04:35:31,,sent
704,974,mhaffjtnkl9659@proton.me,,CC00974VGFLK,2024-03-03 14:01:11,,sent
705,432,ppvwy2968@outlook.com,1111,CC00432CUCE5,2024-05-05 07:10:00,2024-05-07 07:10:00,converted
706,357,hczwcqtjj4071@yahoo.com,1112,CC003576HNSH,2024-03-19 17:18:00,2024-03-19 23:18:00,converted
707,346,nzhnphmrej5986@outlook.com,,CC00346S0U50,2024-03-04 07:35:53,,clicked
708,755,jnmfabjdrk3324@gmail.com,1113,CC0075589NAD,2024-05-02 08:10:58,2024-05-04 08:10:58,converted
709,697,geyozus3654@proton.me,,CC00697O3Q04,2024-06-13 21:41:34,,sent
710,502,hhcqyeea3368@outlook.com,,CC0050213Y2E,2024-05-27 12:18:06,,sent
711,737,nlowjx7087@proton.me,,CC00737VXVJC,2024-01-24 16:40:21,,sent
712,659,nddjzn6189@gmail.com,1114,CC00659LGSZ2,2024-04-12 18:37:37,2024-04-13 06:37:37,converted
713,887,htxfk4006@icloud.com,,CC00887SSMUS,2024-03-30 09:34:19,,clicked
714,228,dcfluszw3481@proton.me,,CC002282I7ZC,2024-06-10 16:27:28,,sent
715,53,nhguzo7999@outlook.com,,CC000538NZJE,2024-02-29 02:44:42,,clicked
716,35,wmmpssfdz5846@proton.me,1115,CC00035YLACY,2024-06-06 10:17:57,2024-06-06 22:17:57,converted
717,104,zvlre5307@gmail.com,,CC00104I5GHX,2024-01-09 06:10:04,,clicked
718,950,wqowv5108@gmail.com,,CC00950C6JWC,2024-02-04 07:08:29,,sent
719,811,mxeqhbsy118@icloud.com,1116,CC0081106Y5M,2024-01-07 23:05:42,2024-01-08 00:05:42,converted
720,591,haiqfo6875@icloud.com,,CC00591MIB2I,2024-06-30 22:09:00,,sent
721,951,hfcinsao1671@icloud.com,,CC00951FNMDL,2024-03-11 06:35:33,,clicked
722,289,zufgq6065@outlook.com,1117,CC00289SYZK4,2024-03-11 10:24:41,2024-03-11 11:24:41,converted
723,638,hcked8442@outlook.com,,CC0063890YMT,2024-06-04 19:31:04,,sent
724,640,myaxgzomxv6283@outlook.com,,CC00640IR1DK,2024-06-10 11:39:05,,clicked
725,850,rplhf4860@outlook.com,,CC00850UM88B,2024-04-01 01:46:11,,sent
726,888,phfixgvrpf1522@gmail.com,,CC008888VU7J,2024-03-23 19:46:11,,clicked
727,287,hbvklcblej5499@outlook.com,1118,CC002876HXG0,2024-03-24 14:46:13,2024-03-24 16:46:13,converted
728,879,ulrjyd998@icloud.com,,CC00879KJO7R,2024-04-15 11:23:58,,clicked
729,375,xoxbrqz5009@yahoo.com,,CC0037523UUM,2024-02-02 22:16:04,,sent
730,872,nddiiv4111@yahoo.com,,CC00872T4LMA,2024-04-22 10:06:33,,clicked
731,858,ionzwowa5717@yahoo.com,,CC00858THV9B,2024-04-15 03:35:36,,sent
732,210,farfbona7058@icloud.com,,CC00210QOFYC,2024-03-25 02:13:25,,sent
733,132,amclpzh5023@outlook.com,1119,CC001327J4V9,2024-01-04 08:59:12,2024-01-04 20:59:12,converted
734,682,crbktrzyg3827@outlook.com,,CC00682G6OXI,2024-05-03 05:55:04,,sent
735,778,voqtajsc1693@icloud.com,1120,CC007782FJ5P,2024-03-27 04:59:36,2024-03-28 04:59:36,converted
736,497,tihzyu6842@outlook.com,,CC00497Q7GX2,2024-06-02 14:59:52,,clicked
737,191,msawnp3664@proton.me,,CC00191GETNS,2024-03-19 03:25:46,,sent
738,109,anbryxnq2128@outlook.com,,CC00109KOZU2,2024-03-13 12:44:24,,clicked
739,286,yvltl3304@gmail.com,1121,CC00286JHDDQ,2024-03-14 07:25:56,2024-03-15 07:25:56,converted
740,142,qvucbi3401@proton.me,,CC00142GYTBG,2024-05-15 15:57:22,,clicked
741,420,gixmnk2532@proton.me,,CC00420RVAF6,2024-05-06 12:58:19,,sent
742,543,iapkn2845@proton.me,,CC00543SIVHX,2024-01-14 18:40:34,,clicked
743,240,uxzuu8469@gmail.com,,CC00240JUIL3,2024-05-26 23:05:48,,clicked
744,157,behncr5582@icloud.com,,CC001572Y21I,2024-05-30 17:44:20,,clicked
745,511,rhmzh1270@yahoo.com,,CC00511U9JP9,2024-01-06 16:49:14,,sent
746,170,tdohie7352@proton.me,,CC00170XUZRH,2024-04-19 02:22:11,,sent
747,794,aktpqibg9132@proton.me,,CC007944BMRC,2024-03-30 03:59:22,,clicked
748,650,ksrmvjux8310@outlook.com,1122,CC00650MMQZ6,2024-06-21 09:02:13,2024-06-22 09:02:13,converted
749,988,eiyoxxtsz7179@icloud.com,,CC00988HFKI2,2024-06-06 16:15:01,,sent
750,730,fgqlxoa6150@outlook.com,,CC00730LES1D,2024-01-07 00:14:07,,sent
751,478,wtfurgqa7717@outlook.com,,CC00478VG6C7,2024-01-01 14:21:32,,clicked
752,341,jqozrrrtu6461@gmail.com,,CC003415MLHZ,2024-02-28 12:04:10,,sent
753,837,oaalj1908@icloud.com,,CC00837525XG,2024-01-23 11:39:24,,clicked
754,21,hsjmpn4807@yahoo.com,,CC00021IY5NW,2024-05-14 13:12:36,,clicked
755,844,kaogzkj3858@proton.me,,CC00844T3LZ8,2024-03-11 06:45:27,,sent
756,400,swsrntnac322@yahoo.com,,CC00400PILQM,2024-01-10 17:51:04,,clicked
757,129,wpwetp361@proton.me,1123,CC00129XKH7Y,2024-04-19 11:17:33,2024-04-22 11:17:33,converted
758,308,mmjmjpsf2108@yahoo.com,,CC00308JVRQV,2024-02-15 20:30:27,,clicked
759,465,apirxn4552@outlook.com,1124,CC00465H7TNV,2024-01-23 23:10:41,2024-01-24 01:10:41,converted
760,283,lljhsm6750@gmail.com,1125,CC00283CMQXT,2024-02-24 03:28:35,2024-02-24 09:28:35,converted
761,379,orfuqz6451@icloud.com,,CC00379479R1,2024-01-21 15:26:58,,sent
762,807,czubkk7204@proton.me,,CC00807OOIIU,2024-06-07 03:43:00,,clicked
763,260,tkhvnh9995@outlook.com,,CC00260ON3UQ,2024-02-08 10:12:06,,sent
764,242,zuvzqhd7620@icloud.com,,CC00242G6X4Z,2024-02-27 15:51:18,,sent
765,620,xeaarea4033@icloud.com,,CC00620LKMSW,2024-06-23 03:04:50,,sent
766,37,efcxdhyxd5133@icloud.com,,CC00037LYZFP,2024-01-16 11:06:28,,clicked
767,653,lxyowufv7142@proton.me,,CC00653LFDJ2,2024-02-03 21:28:52,,clicked
768,91,reovsjthac5029@gmail.com,,CC00091W795Y,2024-06-17 16:56:11,,sent
769,391,gzjxjl1042@yahoo.com,,CC0039132H1K,2024-01-28 07:01:36,,sent
770,470,grbpvnez9857@gmail.com,,CC004706Y39M,2024-02-03 16:40:48,,sent
771,286,qzlvnwu39@icloud.com,,CC00286YS4I8,2024-02-04 23:38:34,,clicked
772,469,gtumh1446@proton.me,1126,CC004695LN55,2024-03-05 16:19:25,2024-03-07 04:19:25,converted
773,763,hvdairb2702@yahoo.com,,CC00763DM78U,2024-05-31 23:02:59,,clicked
774,361,aatqtfeqw2330@gmail.com,,CC003616Y1NM,2024-02-06 16:34:03,,sent
775,994,xhmjiy8952@yahoo.com,1127,CC0099443VV1,2024-06-08 00:36:55,2024-06-09 00:36:55,converted
776,767,kuralhw2579@outlook.com,,CC00767YNQ66,2024-04-11 11:37:55,,clicked
777,805,jliuoadm2079@gmail.com,,CC00805J2VBQ,2024-04-08 13:28:05,,clicked
778,636,xgzeedq4185@outlook.com,,CC00636ARWUC,2024-06-09 08:53:30,,clicked
779,677,ettme1180@icloud.com,,CC00677WW76C,2024-01-24 10:56:03,,sent
780,983,kmzmojlkds409@proton.me,,CC00983I861G,2024-03-21 14:32:51,,sent
781,83,qneiz766@gmail.com,,CC000834RC05,2024-03-16 00:05:04,,sent
782,289,judwgkddz6259@outlook.com,,CC002899RBBO,2024-01-08 07:37:06,,clicked
783,256,nxegoblu417@proton.me,,CC00256XQ33Z,2024-06-25 07:03:39,,sent
784,657,tthqr5424@proton.me,,CC00657WQNV5,2024-03-29 13:34:51,,sent
785,242,wipshmpc340@proton.me,,CC002421ZVW0,2024-05-02 00:42:18,,sent
786,543,wifbaifgfg8923@yahoo.com,,CC00543AQBAO,2024-04-14 20:16:29,,sent
787,372,jvulhsyf2286@outlook.com,,CC00372CQ33W,2024-02-20 20:30:06,,clicked
788,370,myzyr479@proton.me,,CC003701B87T,2024-02-01 19:36:53,,sent
789,810,nrswc2725@outlook.com,,CC00810SKZIO,2024-05-03 20:03:50,,clicked
790,479,cdckco1553@icloud.com,,CC004799696E,2024-04-03 22:14:33,,clicked
791,499,lblakkqhzv1653@outlook.com,,CC00499RI54P,2024-06-09 19:20:02,,sent
792,207,ziiljpo8050@icloud.com,,CC002073H3NN,2024-03-31 14:34:36,,sent
793,35,zqrtag279@proton.me,,CC00035MXCPX,2024-05-20 19:24:57,,clicked
794,768,ysqffqmmi9684@icloud.com,,CC00768CDWX9,2024-04-30 13:59:59,,clicked
795,848,ucdtrpzxa3035@proton.me,,CC008480SLZO,2024-02-14 16:21:43,,clicked
796,900,njcngfvfg7129@proton.me,,CC00900C9SPW,2024-01-06 04:29:15,,sent
797,917,dxgsmdum4756@yahoo.com,,CC00917AOREX,2024-02-25 05:16:52,,clicked
798,734,asqpikes664@proton.me,,CC00734LJ2NP,2024-04-11 10:59:18,,sent
799,240,icryom6594@yahoo.com,,CC00240JJDP5,2024-06-16 07:07:11,,clicked
800,482,ethvkuycpb6074@gmail.com,,CC00482QIYFT,2024-03-07 05:31:45,,clicked
801,31,aaulrsy7942@icloud.com,1128,CC00031PTSET,2024-05-01 14:12:30,2024-05-02 02:12:30,converted
802,286,tracrmfqrc2776@proton.me,,CC00286SX7LJ,2024-01-21 00:57:14,,sent
803,886,clbxzsxkni9857@gmail.com,,CC008863DQJU,2024-01-02 14:11:15,,sent
804,14,rauwn2622@yahoo.com,,CC00014UBO3V,2024-04-12 04:05:14,,sent
805,346,asgkivq9095@icloud.com,1129,CC003468S7I5,2024-05-25 09:53:36,2024-05-25 21:53:36,converted
806,10,zoxlt2725@yahoo.com,1130,CC000105VNXG,2024-01-14 16:38:59,2024-01-16 04:38:59,converted
807,886,mrqjcputy5890@outlook.com,,CC008864SQ86,2024-06-08 05:38:23,,sent
808,286,qvclra5263@proton.me,,CC00286RHZFO,2024-05-07 03:33:50,,clicked
809,673,wyhloqebmu8324@proton.me,1131,CC00673YYJ47,2024-01-12 02:06:02,2024-01-14 02:06:02,converted
810,564,jucxh3446@outlook.com,,CC00564QYXWL,2024-05-08 13:09:29,,sent
811,896,wkargvs24@gmail.com,,CC00896MXE2N,2024-05-27 10:59:34,,clicked
812,317,hmadxdskqx5051@outlook.com,1132,CC003172B73R,2024-05-05 08:20:55,2024-05-05 14:20:55,converted
813,143,eauowl3520@icloud.com,,CC0014391174,2024-05-11 15:30:30,,clicked
814,381,dnoywjs6983@icloud.com,,CC00381J8RGO,2024-03-10 08:48:43,,sent
815,520,bbigqi4085@yahoo.com,,CC00520KWMVW,2024-01-22 15:56:19,,sent
816,309,hdsji6319@yahoo.com,,CC003091RP6X,2024-03-29 09:01:08,,sent
817,535,qfqwjqih2920@proton.me,,CC00535SDG5X,2024-04-24 16:06:25,,clicked
818,619,scacsluh3174@icloud.com,1133,CC00619BJWAV,2024-06-13 11:59:06,2024-06-13 12:59:06,converted
819,536,hcqqebsvt454@outlook.com,,CC00536GC9AL,2024-01-11 19:52:35,,sent
820,320,znyyqnzloj1542@yahoo.com,,CC00320ODBSQ,2024-01-28 04:10:31,,clicked
821,703,phegtgp2826@yahoo.com,,CC00703GNS8G,2024-02-16 22:43:37,,clicked
822,85,zvmuixhd6745@yahoo.com,,CC00085EZFDJ,2024-01-20 17:36:11,,sent
823,35,bzaqmghfhk2974@icloud.com,1134,CC000358H0OC,2024-04-11 21:06:32,2024-04-13 09:06:32,converted
824,874,zirdeaisjv3886@gmail.com,,CC008741689W,2024-01-28 12:25:26,,clicked
825,544,mvegna6129@icloud.com,,CC00544U69IM,2024-04-27 08:18:52,,sent
826,416,pbuowpu4868@proton.me,,CC004162UB5Z,2024-04-08 20:39:57,,clicked
827,821,xaqtdq16@proton.me,,CC00821YAJ5N,2024-06-12 06:55:33,,clicked
828,15,vjippzbknk9679@icloud.com,1135,CC0001550ZFG,2024-03-21 01:48:12,2024-03-21 02:48:12,converted
829,234,rxthsdhi2235@yahoo.com,,CC00234JVGIF,2024-04-17 12:46:04,,sent
830,773,aelye2640@outlook.com,,CC00773XLX4U,2024-01-11 19:42:02,,sent
831,251,pzdyze4599@proton.me,,CC00251J02K6,2024-02-14 17:03:30,,clicked
832,850,lyfbhoam9789@gmail.com,1136,CC00850O6IBR,2024-06-17 14:06:26,2024-06-19 14:06:26,converted
833,171,ywfscn5332@yahoo.com,,CC00171ZHVBF,2024-02-06 03:09:50,,sent
834,771,hzwwrzheie9671@yahoo.com,,CC00771JNPAX,2024-06-16 08:16:02,,sent
835,237,xsjhxs3100@yahoo.com,,CC00237XQE74,2024-05-17 03:16:50,,sent
836,810,fnnyjq9985@gmail.com,,CC00810M1U0M,2024-06-20 19:38:52,,clicked
837,60,ixdese94@icloud.com,,CC00060AP5UV,2024-05-15 19:02:19,,clicked
838,412,mqjtcot6240@outlook.com,,CC00412BWNE4,2024-03-29 14:53:19,,clicked
839,929,evrjurgqut1018@outlook.com,,CC00929MOX9F,2024-01-01 03:08:57,,sent
840,459,nuyvytohaf4369@yahoo.com,,CC0045944LHZ,2024-06-23 01:16:25,,clicked
841,844,dkbzhb3404@icloud.com,1137,CC00844CF4J2,2024-05-22 05:42:46,2024-05-23 05:42:46,converted
842,634,aztlcb1134@gmail.com,,CC00634DK4K1,2024-06-17 18:18:45,,clicked
843,318,cnhpa4579@outlook.com,1138,CC00318V3X2C,2024-01-26 00:27:28,2024-01-26 01:27:28,converted
844,523,bkulvqg4340@proton.me,1139,CC00523I7LAM,2024-04-16 17:28:52,2024-04-17 05:28:52,converted
845,705,yjdsmm1219@yahoo.com,,CC00705FPLBX,2024-04-06 21:04:38,,clicked
846,753,olutl9716@yahoo.com,,CC00753L83OD,2024-02-28 09:05:21,,clicked
847,739,gbwzysgbv8276@gmail.com,,CC00739FZW7D,2024-04-29 01:15:22,,sent
848,143,enwhbswgdj3142@outlook.com,,CC00143Z3FPX,2024-05-16 01:59:24,,clicked
849,719,wvxowabto2223@icloud.com,,CC00719FJAPQ,2024-05-01 10:20:56,,sent
850,252,lbmnxgbp3656@outlook.com,,CC00252CZ5G1,2024-03-15 20:09:30,,sent
851,469,orukv6347@yahoo.com,1140,CC00469AQ9F3,2024-02-04 15:28:23,2024-02-04 17:28:23,converted
852,541,fpqjks8082@icloud.com,,CC00541AZMSA,2024-02-14 09:00:38,,clicked
853,48,obqeb9676@proton.me,,CC000483M9NP,2024-04-28 03:25:39,,clicked
854,590,uvgkkjs9769@proton.me,,CC00590VBOU1,2024-05-25 09:42:01,,clicked
855,889,fmgadylhv1534@gmail.com,,CC008891PLAY,2024-04-28 16:51:33,,sent
856,42,iwtcvjyw2906@proton.me,,CC00042LZIUB,2024-02-06 13:25:32,,clicked
857,231,oljkywu5325@gmail.com,,CC002315IX9R,2024-04-06 06:08:22,,clicked
858,509,elbva8071@proton.me,1141,CC00509DAAW2,2024-04-10 14:36:58,2024-04-10 20:36:58,converted
859,651,emvllagqwa6252@gmail.com,,CC006510GX4O,2024-01-25 07:11:05,,sent
860,590,spjnk4099@proton.me,,CC00590UHGV9,2024-06-24 07:31:42,,clicked
861,960,eooku4977@outlook.com,,CC00960J04Y1,2024-04-13 08:25:32,,sent
862,400,azbiiumhkf8662@yahoo.com,,CC00400XGUAK,2024-05-05 01:44:53,,sent
863,647,efkycbz2616@gmail.com,,CC006471POAS,2024-04-14 07:37:30,,sent
864,45,ylixlrsd6055@icloud.com,,CC00045MEUUL,2024-01-04 19:57:22,,sent
865,910,hhirwofwfg6391@proton.me,,CC009101S9KT,2024-05-01 22:28:32,,sent
866,145,uzeoxwiy364@icloud.com,,CC00145A62DB,2024-05-18 02:08:34,,clicked
867,509,bbsqf3912@outlook.com,,CC005093CVF9,2024-03-23 11:51:11,,sent
868,368,nfmnh8052@outlook.com,,CC00368FMQ6I,2024-05-26 07:54:05,,sent
869,45,jrqulllia5257@yahoo.com,,CC000458L24W,2024-02-08 20:03:52,,sent
870,721,klfkgz7730@outlook.com,1142,CC00721DM330,2024-05-06 15:59:10,2024-05-07 03:59:10,converted
871,766,hxbvpiru5408@proton.me,,CC00766XPESW,2024-04-25 15:04:27,,sent
872,489,iafymdix7401@outlook.com,,CC00489XAEXF,2024-04-02 22:09:44,,sent
873,794,zefrmklt5588@outlook.com,,CC00794A2V81,2024-05-05 05:18:17,,sent
874,267,qikhyeb9477@outlook.com,,CC00267PL5RO,2024-03-28 04:12:59,,clicked
875,218,waysmuwelh3933@proton.me,,CC00218T6F5Q,2024-05-08 11:07:50,,sent
876,374,gqqgavqrx3934@proton.me,,CC00374LJ42C,2024-05-13 21:49:29,,sent
877,996,thlnsxqyq767@proton.me,1143,CC00996ZO547,2024-02-20 09:30:43,2024-02-20 21:30:43,converted
878,842,kudetrqo9457@icloud.com,,CC00842R7G0S,2024-03-18 05:53:24,,clicked
879,973,dmqxol7469@gmail.com,1144,CC00973OPWSU,2024-05-02 07:59:40,2024-05-02 19:59:40,converted
880,197,coccpavlm7004@proton.me,,CC00197H5H2O,2024-01-13 20:34:51,,sent
881,333,fxeiaf5911@yahoo.com,1145,CC00333I7083,2024-04-17 11:40:04,2024-04-17 17:40:04,converted
882,919,juwuwqn3776@icloud.com,1146,CC00919SIW39,2024-03-05 00:45:06,2024-03-06 00:45:06,converted
883,231,ilroeotndd2268@gmail.com,,CC00231HFVSV,2024-05-27 19:30:27,,sent
884,601,cxuyr6022@proton.me,,CC00601MK9CU,2024-06-10 23:14:26,,sent
885,729,agizawizh6882@proton.me,,CC00729A21E5,2024-03-16 09:21:59,,clicked
886,429,mfcwdzg5446@proton.me,,CC00429WXWU1,2024-06-26 19:33:07,,clicked
887,113,ubwghmkyo297@outlook.com,,CC001139KW2A,2024-03-14 13:55:46,,sent
888,30,knccx3551@icloud.com,,CC00030ANHKW,2024-06-19 12:21:22,,sent
889,657,mdapadffq475@outlook.com,,CC00657H2MPG,2024-06-22 18:20:50,,clicked
890,567,qrzauzmgh5415@outlook.com,,CC00567M9YUH,2024-05-24 02:24:46,,sent
891,33,xtrucxojoq3842@proton.me,1147,CC00033XUY3O,2024-03-05 15:54:43,2024-03-07 03:54:43,converted
892,722,ealfc848@outlook.com,,CC0072282OXL,2024-04-15 16:45:50,,clicked
893,472,ycezsjqy234@outlook.com,,CC00472CCDZZ,2024-04-11 01:42:52,,clicked
894,3,vhrsutrrn1697@gmail.com,,CC000035UYFL,2024-02-23 14:57:04,,clicked
895,154,lhceytu9241@proton.me,1148,CC00154QC4WX,2024-06-12 11:23:24,2024-06-12 17:23:24,converted
896,61,efzak9498@icloud.com,,CC00061MN9X6,2024-01-15 22:55:18,,clicked
897,651,ncghxent4323@proton.me,,CC00651XLHY4,2024-02-07 07:31:34,,sent
898,645,patxzeqlgd7301@icloud.com,,CC00645GASGK,2024-03-07 13:16:47,,sent
899,948,pxxtxot1378@outlook.com,,CC00948MDLM9,2024-06-10 16:33:42,,clicked
900,277,dcfodum2812@proton.me,,CC00277TXAFC,2024-05-01 17:39:18,,sent
901,988,uqggaqv8450@gmail.com,,CC009889IK85,2024-03-15 13:22:35,,clicked
902,62,hbadfh4954@outlook.com,,CC00062GKQRY,2024-01-12 17:46:33,,sent
903,961,rqtxzar7003@gmail.com,,CC009610UO7R,2024-03-13 02:25:33,,sent
904,963,sjrlucfa7338@icloud.com,,CC009632WNGQ,2024-06-30 20:34:30,,clicked
905,28,ccwmbyje746@gmail.com,1149,CC00028C52R3,2024-01-08 18:41:27,2024-01-08 20:41:27,converted
906,610,pxudmxdpxm5276@outlook.com,1150,CC006107SAOE,2024-04-12 08:14:35,2024-04-13 20:14:35,converted
907,62,vupehgpf6386@icloud.com,1151,CC000628KTO9,2024-05-22 09:24:53,2024-05-22 21:24:53,converted
908,308,uhtqil7484@gmail.com,1152,CC003080VZRP,2024-06-08 02:59:50,2024-06-09 02:59:50,converted
909,484,jiykxttfi8279@yahoo.com,,CC004842AEJA,2024-05-03 05:42:14,,clicked
910,43,isywchlb6738@icloud.com,1153,CC000438PNBI,2024-02-01 10:39:34,2024-02-02 10:39:34,converted
911,798,enjkabudyc5941@gmail.com,,CC00798Z3LVR,2024-06-03 07:51:28,,sent
912,880,ilgyr3471@outlook.com,,CC008806GRBK,2024-03-20 04:13:35,,clicked
913,926,eogypi8302@proton.me,,CC00926GO7F0,2024-03-29 19:41:57,,clicked
914,410,qrnyxtndbf5736@yahoo.com,,CC00410YU8TN,2024-06-21 04:22:37,,sent
915,156,ihuukgeh9986@icloud.com,1154,CC00156TOKD7,2024-03-31 09:11:16,2024-04-01 09:11:16,converted
916,753,fmaqkya174@yahoo.com,,CC00753L23IQ,2024-05-27 02:35:23,,clicked
917,414,zvanxjc9588@proton.me,,CC00414BO10G,2024-02-22 03:24:12,,clicked
918,612,cmiep2808@icloud.com,,CC00612G8CV7,2024-05-27 16:14:35,,sent
919,140,djoblumyc6640@outlook.com,,CC00140YFY57,2024-06-13 16:22:09,,sent
920,888,lapfzh8418@yahoo.com,,CC0088802QH4,2024-04-11 01:31:43,,clicked
921,582,kkqaymji834@gmail.com,,CC00582B3RNW,2024-06-14 10:08:21,,sent
922,660,maeaxlc2327@gmail.com,1155,CC00660HRQG3,2024-01-04 01:25:50,2024-01-04 03:25:50,converted
923,365,qrxra8294@gmail.com,1156,CC00365VUCAH,2024-04-07 13:04:58,2024-04-07 15:04:58,converted
924,275,skvzu6916@gmail.com,,CC00275TG832,2024-01-19 18:12:03,,sent
925,242,lsyyvido6474@outlook.com,,CC002426R9DD,2024-04-22 19:56:35,,sent
926,143,etdsnzij889@icloud.com,,CC001437PZ4M,2024-01-01 17:47:48,,sent
927,66,wwqjqypy9781@icloud.com,1157,CC000669OPCG,2024-03-14 10:37:19,2024-03-14 16:37:19,converted
928,321,vuven9443@gmail.com,,CC003217JHQD,2024-05-05 09:13:10,,sent
929,597,goatgmait5286@gmail.com,1158,CC005978LPHY,2024-03-11 22:40:16,2024-03-12 22:40:16,converted
930,961,dkooqxgure8393@outlook.com,,CC00961MEUUY,2024-05-13 20:32:48,,clicked
931,650,tjhpchgk1636@yahoo.com,,CC00650HSP2O,2024-01-17 13:25:20,,sent
932,844,cviglatu3882@icloud.com,,CC00844QEZRP,2024-01-16 20:54:40,,sent
933,844,elnth7@icloud.com,,CC00844WQ9P9,2024-02-16 11:24:18,,sent
934,294,efqzqxox7410@outlook.com,,CC0029407NJ8,2024-04-17 16:40:33,,clicked
935,125,qiwliu4268@icloud.com,,CC001254PKI4,2024-06-08 08:35:02,,sent
936,294,wdjiikpbh4228@yahoo.com,,CC00294MXCMH,2024-02-14 00:28:21,,sent
937,55,qetedfq7005@icloud.com,,CC00055S64HM,2024-04-08 22:13:18,,sent
938,676,cpwmgjysr2426@yahoo.com,,CC00676MX9IY,2024-04-29 22:11:22,,clicked
939,512,ldujf5612@proton.me,,CC005121MHJN,2024-01-19 19:50:09,,clicked
940,534,udgkubomd5465@outlook.com,,CC00534ZJQH3,2024-03-06 10:00:00,,sent
941,904,xsgxjiw544@proton.me,,CC00904O4F6T,2024-01-17 12:49:47,,sent
942,509,auermrz324@yahoo.com,,CC00509N7P72,2024-01-07 09:45:49,,clicked
943,784,opiraasj1614@proton.me,,CC007844AG2I,2024-05-07 22:42:00,,sent
944,420,bdtmnodpvc3451@proton.me,,CC00420BGYB2,2024-03-11 09:36:53,,clicked
945,893,eoszigns458@outlook.com,,CC00893W6MZK,2024-06-09 23:16:23,,clicked
946,306,gfyuwoxw6790@outlook.com,1159,CC00306C7HKH,2024-06-09 03:21:02,2024-06-09 04:21:02,converted
947,929,btvxcsdzqn1508@icloud.com,,CC00929Y5XU8,2024-05-17 14:39:22,,clicked
948,477,nrrvoybygo3949@icloud.com,,CC004779Y61F,2024-05-03 06:13:32,,sent
949,789,wgjirxprj7396@yahoo.com,,CC00789SI9ZF,2024-03-28 07:54:00,,sent
950,665,szdfmibip9856@gmail.com,1160,CC00665XWNRS,2024-02-14 23:03:46,2024-02-15 05:03:46,converted
951,557,taaxzsx5967@outlook.com,1161,CC00557KL4RF,2024-05-20 16:39:55,2024-05-20 18:39:55,converted
952,729,mnbzxwlpvl5853@gmail.com,,CC00729FHCC1,2024-02-14 13:47:23,,clicked
953,657,sueckl8726@proton.me,,CC00657WEFKF,2024-02-11 01:55:00,,sent
954,231,xjeqjkjep2804@proton.me,1162,CC002317LVV0,2024-03-11 18:19:39,2024-03-13 06:19:39,converted
955,567,ybmspyw1092@gmail.com,,CC00567NXLE9,2024-06-16 07:12:34,,clicked
956,3,ljpqbs772@outlook.com,,CC00003YOA8O,2024-06-18 10:31:40,,clicked
957,825,ahktiwq2667@gmail.com,,CC00825XFMD1,2024-04-07 23:17:01,,sent
958,567,vsgvzwdmg1572@outlook.com,,CC00567SJ4WL,2024-02-03 21:30:00,,clicked
959,942,togzixz3720@outlook.com,,CC00942SXUWV,2024-02-23 13:18:51,,sent
960,755,jyxqpidsq5271@gmail.com,,CC00755EAYCD,2024-03-25 03:07:29,,sent
961,755,tdhpgl418@proton.me,,CC00755TZ7BY,2024-03-29 20:09:43,,clicked
962,343,qcrxzbwj8041@outlook.com,,CC003431H69M,2024-05-26 00:11:09,,sent
963,181,hanhcnoykh591@icloud.com,,CC00181TGLZL,2024-01-04 04:47:44,,clicked
964,612,lvtzzw9491@icloud.com,1163,CC00612XB4O6,2024-04-21 09:56:31,2024-04-21 11:56:31,converted
965,881,lanel319@gmail.com,,CC00881GI3XA,2024-04-26 03:01:36,,sent
966,857,sjcymspwo6933@yahoo.com,,CC00857HM5ZJ,2024-03-11 23:04:20,,sent
967,262,msmaocursc3777@yahoo.com,1164,CC002622V57H,2024-04-14 23:26:04,2024-04-15 05:26:04,converted
968,531,gipnwokgjc564@outlook.com,,CC005319YMWA,2024-05-07 22:16:20,,sent
969,855,hdtmsouvz1568@yahoo.com,,CC00855RYHB9,2024-02-06 04:34:58,,sent
970,839,mesqmfxngn2659@gmail.com,,CC00839C54W7,2024-05-23 11:20:04,,clicked
971,390,ecyabeny2175@outlook.com,,CC00390A4XPZ,2024-02-25 21:01:28,,sent
972,670,dodsxiqc3930@outlook.com,,CC00670JVTY9,2024-02-11 09:02:45,,sent
973,346,vcvhyy4204@outlook.com,,CC00346J6V0P,2024-04-24 13:08:10,,clicked
974,155,hgvzr7337@outlook.com,,CC00155OUV73,2024-06-23 14:57:06,,clicked
975,321,sjibhiis8383@proton.me,,CC00321T2KLA,2024-02-29 06:09:20,,sent
976,247,gcyhbyc7158@proton.me,,CC00247WRJHH,2024-01-05 19:59:02,,clicked
977,143,tzgdgeit25@yahoo.com,1165,CC001434YJDK,2024-05-30 21:59:50,2024-06-01 09:59:50,converted
978,360,zljyxu6801@yahoo.com,1166,CC00360FDV21,2024-04-12 19:23:06,2024-04-12 20:23:06,converted
979,211,rstlqhvwr3535@yahoo.com,,CC00211KJHW1,2024-02-25 02:34:02,,sent
980,855,cttfjfhfrr8159@yahoo.com,,CC00855LRIUB,2024-04-29 00:21:42,,clicked
981,91,jqopyz817@yahoo.com,1167,CC00091KE94X,2024-06-24 17:11:26,2024-06-24 23:11:26,converted
982,21,lbrdcdvj402@gmail.com,,CC00021ANOTQ,2024-01-28 22:44:53,,clicked
983,925,ghuzvcshxn6364@yahoo.com,,CC0092547DVC,2024-04-02 04:39:57,,clicked
984,983,icdryt3369@gmail.com,,CC00983BNIAB,2024-04-02 03:41:56,,sent
985,677,yrezoiwuiv4565@icloud.com,,CC00677N3PDN,2024-04-18 03:46:45,,sent
986,947,kfzyxe3343@icloud.com,,CC00947F9PQN,2024-01-11 09:35:48,,sent
987,180,mbhlauzied2797@gmail.com,,CC00180M2J9N,2024-06-25 23:57:06,,sent
988,545,fcvyybq4753@proton.me,,CC00545W6HDB,2024-03-13 21:40:58,,clicked
989,253,pecuqyivg1531@outlook.com,,CC00253A0HXV,2024-06-20 16:20:47,,sent
990,713,augntxzqy6999@outlook.com,,CC00713LWQ1Q,2024-03-21 18:11:59,,sent
991,761,dtxqqbt4969@yahoo.com,,CC00761NGROJ,2024-04-03 19:28:52,,sent
992,876,bsxnqlu2971@outlook.com,,CC00876I1DTT,2024-04-12 12:39:26,,clicked
993,680,gcvxxrwuk1164@proton.me,1168,CC00680WFMH6,2024-06-28 13:50:55,2024-06-28 15:50:55,converted
994,719,hrfmnaosds8591@proton.me,1169,CC00719JCDCG,2024-06-10 09:59:21,2024-06-11 09:59:21,converted
995,904,mbpmbfjr6525@icloud.com,,CC009040CADS,2024-06-07 05:40:47,,clicked
996,64,addse6485@proton.me,,CC00064357BD,2024-01-05 00:23:02,,sent
997,130,txxto4401@proton.me,1170,CC00130E26PS,2024-06-10 14:29:37,2024-06-12 02:29:37,converted
998,20,vghvki2574@outlook.com,,CC000207FZ4X,2024-05-31 23:57:14,,sent
999,909,qbsyqza2796@outlook.com,1171,CC00909FJ1PI,2024-06-10 21:55:59,2024-06-11 21:55:59,converted
1000,563,pbvhla9480@icloud.com,1172,CC00563P51PU,2024-04-06 21:29:56,2024-04-08 09:29:56,converted
